s,C,C,C,C,C,C,C,C,C,1/m,1/m,1/m,1/m,1/m,1/m,1/m,1/m,1/m
Time,TC_Ceiling_F1,TC_F1_0_6,TC_F1_1_2,TC_F1_1_6,TC_F1_1_8,TC_F1_2_0,TC_F1_2_2,TC_F1_2_4,TC_F1_2_5,EXT_F1_0_6,EXT_F1_1_2,EXT_F1_1_6,EXT_F1_1_8,EXT_F1_2_0,EXT_F1_2_2,EXT_F1_2_4,EXT_F1_2_5,EXT_DEVC_F1_2_3
 0.0000000E+000, 1.2100000E+001, 1.2100000E+001, 1.2100000E+001, 1.2100000E+001, 1.2100000E+001, 1.2100000E+001, 1.2100000E+001, 1.2100000E+001, 1.2100000E+001, 0.0000000E+000, 0.0000000E+000, 0.0000000E+000, 0.0000000E+000, 0.0000000E+000, 0.0000000E+000, 0.0000000E+000, 0.0000000E+000, 0.0000000E+000
 1.0054062E+000, 1.2100360E+001, 1.2100222E+001, 1.2100252E+001, 1.2100264E+001, 1.2100271E+001, 1.2100259E+001, 1.2100261E+001, 1.2100237E+001, 1.2100225E+001, 0.0000000E+000, 0.0000000E+000, 0.0000000E+000, 0.0000000E+000, 0.0000000E+000, 0.0000000E+000, 0.0000000E+000, 0.0000000E+000, 0.0000000E+000
 2.0101535E+000, 1.2102987E+001, 1.2103646E+001, 1.2103851E+001, 1.2104056E+001, 1.2104371E+001, 1.2104259E+001, 1.2103996E+001, 1.2103541E+001, 1.2103358E+001, 1.8572265E-101, 2.8689679E-109, 9.0990645E-118, 1.4038691E-122, 3.2568213E-128, 6.0115874E-134, 2.1284747E-139, 2.4957063E-142, 4.8644926E-108
 3.0195914E+000, 1.2500587E+001, 1.2118182E+001, 1.2117589E+001, 1.2115424E+001, 1.2116603E+001, 1.2116417E+001, 1.2115544E+001, 1.2113952E+001, 1.2113258E+001, 2.7851402E-091, 5.5074087E-092, 1.1908023E-093, 5.3476707E-096, 1.9646063E-098, 1.7295637E-100, 3.1895277E-104, 2.1083468E-106, 2.7971241E-076
 4.0180602E+000, 1.7396787E+001, 1.2135637E+001, 1.2135240E+001, 1.2129710E+001, 1.2131567E+001, 1.2131266E+001, 1.2130080E+001, 1.2127382E+001, 1.2126074E+001, 6.8984040E-086, 1.9139828E-084, 3.9713794E-083, 1.0726076E-082, 1.6689397E-081, 7.2783626E-079, 9.1365399E-075, 9.9536868E-073, 4.6181788E-052
 5.0171678E+000, 2.0308741E+001, 1.2150963E+001, 1.2152920E+001, 1.2145548E+001, 1.2148098E+001, 1.2147391E+001, 1.2145537E+001, 1.2141340E+001, 1.2139019E+001, 1.5791583E-082, 3.5236932E-078, 4.7580969E-068, 6.3784319E-063, 2.0294218E-058, 1.0059914E-053, 1.4663889E-049, 1.0082688E-047, 1.1956061E-031
 6.0203652E+000, 2.2507841E+001, 1.2167360E+001, 1.2173702E+001, 1.2163230E+001, 1.2166358E+001, 1.2165422E+001, 1.2162989E+001, 1.2157417E+001, 1.2153936E+001, 5.0108694E-076, 1.5499065E-059, 1.9478040E-050, 7.4212984E-046, 7.5303101E-042, 1.2634672E-037, 2.9109787E-034, 7.6899206E-033, 1.0153846E-019
 7.0197355E+000, 2.4357349E+001, 1.2187612E+001, 1.2196364E+001, 1.2183690E+001, 1.2187495E+001, 1.2186342E+001, 1.2183150E+001, 1.2176289E+001, 1.2171975E+001, 1.4817839E-060, 2.1420474E-045, 4.9778581E-037, 6.3858230E-033, 3.3911176E-029, 1.1832902E-025, 7.2863491E-023, 7.4207600E-022, 3.2855173E-009
 8.0125470E+000, 2.6088029E+001, 1.2215004E+001, 1.2229623E+001, 1.2213270E+001, 1.2218384E+001, 1.2217381E+001, 1.2213196E+001, 1.2208930E+001, 1.2220932E+001, 1.8985540E-047, 2.7039647E-033, 2.4705627E-025, 1.7498396E-021, 7.7825762E-016, 2.7543410E-008, 3.0809530E-003, 9.3804719E-003, 7.9235533E-004
 9.0174775E+000, 2.7664403E+001, 1.2239541E+001, 1.2256218E+001, 1.2239147E+001, 1.2245077E+001, 1.2244832E+001, 1.2246496E+001, 1.2715200E+001, 1.3035306E+001, 3.3060475E-037, 1.5138109E-025, 1.0815146E-019, 5.0978087E-015, 4.4999431E-009, 1.1884473E-003, 4.4009754E-002, 5.0938099E-002, 4.4715139E-003
 1.0000170E+001, 2.8559124E+001, 1.2269331E+001, 1.2286670E+001, 1.2268836E+001, 1.2275753E+001, 1.2276158E+001, 1.2302560E+001, 1.3230328E+001, 1.3623892E+001, 1.9239555E-032, 1.0515819E-022, 3.0073290E-018, 5.3109715E-013, 8.1579005E-008, 2.4780158E-003, 2.6538054E-002, 3.5871637E-002, 4.0803303E-003
 1.1003532E+001, 2.8708101E+001, 1.2304513E+001, 1.2325406E+001, 1.2305185E+001, 1.2313245E+001, 1.2314625E+001, 1.2373245E+001, 1.3558805E+001, 1.4290822E+001, 2.0953643E-029, 3.0379094E-021, 3.3709780E-017, 5.9913079E-012, 4.1667073E-007, 2.5878604E-003, 2.6204093E-002, 4.3668980E-002, 3.4816396E-003
 1.2017934E+001, 2.8984038E+001, 1.2340884E+001, 1.2363138E+001, 1.2343817E+001, 1.2352610E+001, 1.2354605E+001, 1.2433665E+001, 1.3702061E+001, 1.4646736E+001, 3.6268090E-027, 4.2496426E-020, 1.9035826E-015, 2.5978869E-010, 2.8132032E-006, 2.0963106E-003, 1.6391911E-002, 3.2490051E-002, 3.0698717E-003
 1.3012596E+001, 2.9591866E+001, 1.2380025E+001, 1.2402978E+001, 1.2384886E+001, 1.2394673E+001, 1.2404056E+001, 1.2532491E+001, 1.3824936E+001, 1.5163476E+001, 2.9576904E-025, 8.6088512E-019, 1.2029804E-009, 5.8536048E-006, 2.6213513E-003, 1.0714044E-002, 2.7626217E-002, 5.8083888E-002, 4.2823617E-003
 1.4013442E+001, 3.1126397E+001, 1.2422592E+001, 1.2447234E+001, 1.2430370E+001, 1.2479799E+001, 1.2629775E+001, 1.2823997E+001, 1.4095086E+001, 1.6127305E+001, 4.4437160E-023, 1.0405631E-015, 9.7413563E-005, 1.0666963E-002, 2.5131698E-002, 2.7229461E-002, 2.8305226E-002, 6.4142676E-002, 3.8177897E-003
 1.5016387E+001, 3.3000641E+001, 1.2466606E+001, 1.2491481E+001, 1.2589777E+001, 1.2897837E+001, 1.3109860E+001, 1.3236109E+001, 1.4336651E+001, 1.6941591E+001, 5.7726338E-021, 9.0442683E-009, 2.1423802E-002, 3.4159309E-002, 3.3596773E-002, 3.1365428E-002, 3.3084790E-002, 5.6826010E-002, 3.6761932E-003
 1.6016217E+001, 3.3719534E+001, 1.2514571E+001, 1.2546658E+001, 1.3058925E+001, 1.3389528E+001, 1.3519570E+001, 1.3609992E+001, 1.4565608E+001, 1.7363428E+001, 8.2439240E-019, 2.6578720E-003, 3.1667293E-002, 2.9807332E-002, 2.9957736E-002, 3.0658393E-002, 3.3094662E-002, 4.9610548E-002, 1.2843999E-002
 1.7000501E+001, 3.4724131E+001, 1.2564720E+001, 1.2776493E+001, 1.3442702E+001, 1.3661623E+001, 1.3910010E+001, 1.4059774E+001, 1.4834103E+001, 1.7752696E+001, 1.3315406E-016, 2.4564868E-002, 2.5675220E-002, 2.1158930E-002, 3.8495159E-002, 4.3220233E-002, 3.9643923E-002, 7.2287090E-002, 3.0669531E-002
 1.8007551E+001, 3.5216133E+001, 1.2616298E+001, 1.3181141E+001, 1.3694324E+001, 1.3899584E+001, 1.4550470E+001, 1.4656736E+001, 1.5295064E+001, 1.8764256E+001, 6.7509666E-014, 2.9384314E-002, 2.3533434E-002, 2.5988515E-002, 5.2588635E-002, 4.7107183E-002, 5.9233497E-002, 9.3240264E-002, 4.1776034E-002
 1.9018880E+001, 3.6453343E+001, 1.2667523E+001, 1.3526325E+001, 1.3960577E+001, 1.4164342E+001, 1.5200493E+001, 1.5161688E+001, 1.5867643E+001, 1.9547636E+001, 3.2053516E-012, 2.4855442E-002, 2.6981590E-002, 2.7870174E-002, 4.7289423E-002, 4.9280221E-002, 5.6783886E-002, 7.0520966E-002, 4.2045127E-002
 2.0014113E+001, 3.7059703E+001, 1.2715394E+001, 1.3721875E+001, 1.4282449E+001, 1.4510563E+001, 1.5521137E+001, 1.5559086E+001, 1.6271935E+001, 1.9706637E+001, 2.2474039E-011, 1.3507529E-002, 3.4799970E-002, 4.0463548E-002, 3.8752531E-002, 4.6961077E-002, 5.5435125E-002, 7.2552793E-002, 4.1371756E-002
 2.1011607E+001, 3.7353571E+001, 1.2767361E+001, 1.3753362E+001, 1.4720423E+001, 1.5005229E+001, 1.6019876E+001, 1.6014887E+001, 1.6923928E+001, 2.0522443E+001, 3.8977087E-011, 5.2153950E-003, 4.2255365E-002, 4.4986050E-002, 6.6011637E-002, 6.3969413E-002, 8.0800902E-002, 1.0547257E-001, 3.8457828E-002
 2.2016238E+001, 3.7777410E+001, 1.2821494E+001, 1.3741589E+001, 1.5204341E+001, 1.5577993E+001, 1.6812941E+001, 1.6801287E+001, 1.7629286E+001, 2.1295663E+001, 2.4444671E-011, 4.6804828E-003, 4.8306323E-002, 5.7627094E-002, 6.6733206E-002, 6.6754287E-002, 7.2039523E-002, 9.3940311E-002, 4.1389718E-002
 2.3017400E+001, 3.7673984E+001, 1.2881413E+001, 1.3738636E+001, 1.5554065E+001, 1.6292937E+001, 1.7438323E+001, 1.7373898E+001, 1.8033336E+001, 2.1394217E+001, 8.4472608E-012, 3.5023435E-003, 3.3887098E-002, 6.3705185E-002, 7.0969217E-002, 7.1895869E-002, 6.4737673E-002, 7.9015250E-002, 4.8330293E-002
 2.4012989E+001, 3.7860449E+001, 1.2942374E+001, 1.3724478E+001, 1.5576627E+001, 1.6664647E+001, 1.8026292E+001, 1.7931037E+001, 1.8430942E+001, 2.1722705E+001, 2.4235064E-012, 1.6951522E-003, 2.2091550E-002, 4.4497028E-002, 7.5004723E-002, 7.3458381E-002, 7.7159489E-002, 9.3126004E-002, 5.0046458E-002
 2.5008968E+001, 3.8403843E+001, 1.3005397E+001, 1.3704868E+001, 1.5707516E+001, 1.7025035E+001, 1.8599121E+001, 1.8430272E+001, 1.8820446E+001, 2.1790877E+001, 7.6826265E-013, 9.0554231E-004, 4.0572300E-002, 6.8301511E-002, 8.1505512E-002, 7.6082163E-002, 7.2317140E-002, 7.6149891E-002, 4.7523186E-002
 2.6017967E+001, 3.9503544E+001, 1.3065758E+001, 1.3689812E+001, 1.5845775E+001, 1.7696790E+001, 1.9135501E+001, 1.8914477E+001, 1.9143791E+001, 2.1973333E+001, 2.9846605E-013, 2.7648980E-004, 2.2781379E-002, 7.7072602E-002, 8.3060799E-002, 7.9633175E-002, 7.5457574E-002, 1.0040541E-001, 4.7432247E-002
 2.7007693E+001, 3.9307409E+001, 1.3127157E+001, 1.3687252E+001, 1.5739091E+001, 1.7981454E+001, 1.9448046E+001, 1.9331856E+001, 1.9465724E+001, 2.2230833E+001, 1.4462047E-013, 6.1418411E-005, 1.6631884E-002, 4.3574658E-002, 6.7556914E-002, 7.8233228E-002, 7.8946006E-002, 8.6525953E-002, 5.0429314E-002
 2.8016374E+001, 3.9672590E+001, 1.3184005E+001, 1.3687926E+001, 1.5662210E+001, 1.7795363E+001, 1.9508186E+001, 1.9630898E+001, 1.9769817E+001, 2.2298593E+001, 9.2942372E-014, 1.5783724E-005, 1.6896780E-002, 3.6581804E-002, 7.0415701E-002, 8.1533853E-002, 8.5616452E-002, 9.8326866E-002, 5.4293592E-002
 2.9007014E+001, 4.0231850E+001, 1.3243688E+001, 1.3700158E+001, 1.5552288E+001, 1.7743837E+001, 1.9706049E+001, 1.9986460E+001, 2.0408501E+001, 2.2830707E+001, 7.9383864E-014, 8.5727636E-006, 1.2178329E-002, 4.5374299E-002, 8.1160194E-002, 8.6512474E-002, 9.7491886E-002, 1.0035469E-001, 6.3424600E-002
 3.0002897E+001, 4.2109592E+001, 1.3298767E+001, 1.3717632E+001, 1.5463714E+001, 1.7875864E+001, 2.0092351E+001, 2.0418823E+001, 2.0825036E+001, 2.2905887E+001, 8.7873108E-014, 9.1495161E-006, 1.8346753E-002, 6.6113416E-002, 8.7177906E-002, 9.0761231E-002, 8.8238469E-002, 9.1840658E-002, 7.3670052E-002
 3.1010572E+001, 4.1506902E+001, 1.3360062E+001, 1.3744394E+001, 1.5735818E+001, 1.8399653E+001, 2.0524164E+001, 2.0803920E+001, 2.1212591E+001, 2.3728362E+001, 1.2279599E-013, 1.4804053E-005, 5.7622754E-002, 8.1126328E-002, 8.6821769E-002, 8.5509792E-002, 1.0144517E-001, 1.3728227E-001, 7.5398407E-002
 3.2010241E+001, 4.1263141E+001, 1.3420547E+001, 1.3774652E+001, 1.6416151E+001, 1.8920741E+001, 2.0796389E+001, 2.1031070E+001, 2.1574094E+001, 2.4717993E+001, 2.2459108E-013, 3.2157266E-005, 6.5519692E-002, 8.4492992E-002, 8.8525382E-002, 8.2358892E-002, 8.9731751E-002, 1.1559002E-001, 7.5473537E-002
 3.3000173E+001, 4.2022270E+001, 1.3484778E+001, 1.3810196E+001, 1.6974713E+001, 1.9542738E+001, 2.1107638E+001, 2.1188792E+001, 2.1716781E+001, 2.4722283E+001, 6.3664936E-013, 2.5221292E-004, 6.7364542E-002, 9.2998305E-002, 8.9654221E-002, 8.4628764E-002, 8.5947010E-002, 9.6170466E-002, 8.5118600E-002
 3.4003151E+001, 4.2489324E+001, 1.3551341E+001, 1.3859111E+001, 1.7380462E+001, 2.0037967E+001, 2.1325121E+001, 2.1317306E+001, 2.1885699E+001, 2.4554109E+001, 2.3150243E-012, 2.3397529E-003, 5.2895191E-002, 8.7613628E-002, 8.4203024E-002, 8.3003668E-002, 9.7626433E-002, 1.0301263E-001, 8.5279403E-002
 3.5004128E+001, 4.2790377E+001, 1.3617518E+001, 1.3947837E+001, 1.7411556E+001, 2.0481771E+001, 2.1448525E+001, 2.1531947E+001, 2.2509041E+001, 2.4888588E+001, 7.3105201E-012, 7.5453741E-003, 2.8246132E-002, 9.6916485E-002, 8.4734118E-002, 9.2658098E-002, 1.0726911E-001, 1.1081660E-001, 8.3425667E-002
 3.6020296E+001, 4.2072826E+001, 1.3683328E+001, 1.4091616E+001, 1.7219004E+001, 2.0798064E+001, 2.1706414E+001, 2.1915158E+001, 2.2891104E+001, 2.5050958E+001, 1.7414309E-011, 1.1937430E-002, 2.3654359E-002, 7.6588596E-002, 9.8309344E-002, 9.9429945E-002, 1.0208736E-001, 1.0660216E-001, 8.5983947E-002
 3.7001766E+001, 4.1774527E+001, 1.3746214E+001, 1.4259505E+001, 1.7241919E+001, 2.0820204E+001, 2.2052342E+001, 2.2318651E+001, 2.3130501E+001, 2.5025280E+001, 3.1939512E-011, 1.3036498E-002, 4.8628419E-002, 7.6985299E-002, 9.4640247E-002, 1.0718597E-001, 1.0476727E-001, 1.1183184E-001, 9.3379682E-002
 3.8002751E+001, 4.1362962E+001, 1.3808997E+001, 1.4421555E+001, 1.7657536E+001, 2.1102430E+001, 2.2327230E+001, 2.2743734E+001, 2.3383371E+001, 2.5345076E+001, 5.8868918E-011, 1.1753487E-002, 7.2958023E-002, 9.2499754E-002, 1.0293578E-001, 1.0900055E-001, 1.1118773E-001, 1.2748586E-001, 9.5196893E-002
 3.9010947E+001, 4.1082900E+001, 1.3870329E+001, 1.4552615E+001, 1.8288408E+001, 2.1487446E+001, 2.2723730E+001, 2.3160681E+001, 2.3700280E+001, 2.5869243E+001, 1.3711785E-010, 9.8254509E-003, 7.6433165E-002, 9.6767369E-002, 1.1174863E-001, 1.1103578E-001, 1.1879261E-001, 1.2846834E-001, 9.5252783E-002
 4.0007146E+001, 4.1475103E+001, 1.3929446E+001, 1.4657825E+001, 1.8801454E+001, 2.1790613E+001, 2.3104206E+001, 2.3520236E+001, 2.4213977E+001, 2.6384097E+001, 4.0609928E-010, 1.0344693E-002, 8.4547666E-002, 9.0042721E-002, 1.1043538E-001, 1.1108904E-001, 1.2812383E-001, 1.3921564E-001, 1.0246306E-001
 4.1020446E+001, 4.2104458E+001, 1.3994336E+001, 1.4819709E+001, 1.9371629E+001, 2.2022943E+001, 2.3405522E+001, 2.3793559E+001, 2.4781373E+001, 2.6791831E+001, 1.3112123E-009, 2.1069101E-002, 8.3754400E-002, 9.1891024E-002, 1.0824339E-001, 1.0756471E-001, 1.2671283E-001, 1.3104043E-001, 1.0422873E-001
 4.2003708E+001, 4.2126586E+001, 1.4053105E+001, 1.5075862E+001, 1.9904709E+001, 2.2253488E+001, 2.3620462E+001, 2.4026079E+001, 2.5154681E+001, 2.7204338E+001, 4.0431517E-009, 2.8659017E-002, 1.0005305E-001, 1.0362239E-001, 1.0635484E-001, 1.0905160E-001, 1.2904581E-001, 1.3755307E-001, 1.0458399E-001
 4.3013508E+001, 4.1992451E+001, 1.4111984E+001, 1.5415770E+001, 2.0644920E+001, 2.2775626E+001, 2.3815187E+001, 2.4199005E+001, 2.5544261E+001, 2.7606617E+001, 1.1303851E-008, 3.9797929E-002, 1.1189489E-001, 1.1616766E-001, 1.1042956E-001, 1.0826475E-001, 1.2140053E-001, 1.3082973E-001, 1.1556072E-001
 4.4005195E+001, 4.1750607E+001, 1.4171364E+001, 1.5848026E+001, 2.1135428E+001, 2.3130840E+001, 2.3963255E+001, 2.4354467E+001, 2.5630923E+001, 2.7650575E+001, 2.8151813E-008, 4.4980768E-002, 8.9572584E-002, 1.0246062E-001, 1.0467099E-001, 1.1114193E-001, 1.1671459E-001, 1.2831440E-001, 9.6887526E-002
 4.5005316E+001, 4.2220049E+001, 1.4228573E+001, 1.6212966E+001, 2.1279659E+001, 2.3122735E+001, 2.4020250E+001, 2.4488446E+001, 2.5744167E+001, 2.7771291E+001, 6.5981992E-008, 4.0635050E-002, 8.2798954E-002, 8.6995961E-002, 1.0184272E-001, 1.1146328E-001, 1.2313283E-001, 1.3907684E-001, 9.9829472E-002
 4.6023266E+001, 4.2754590E+001, 1.4286356E+001, 1.6496149E+001, 2.1328504E+001, 2.3050606E+001, 2.4121950E+001, 2.4650282E+001, 2.5943828E+001, 2.8049749E+001, 1.6791439E-007, 3.6705900E-002, 7.5720932E-002, 9.3460985E-002, 1.1379509E-001, 1.1162352E-001, 1.2807449E-001, 1.4780047E-001, 1.0547452E-001
 4.7022257E+001, 4.3503315E+001, 1.4339728E+001, 1.6665040E+001, 2.1285498E+001, 2.3256605E+001, 2.4606074E+001, 2.4849145E+001, 2.6148160E+001, 2.8335898E+001, 4.2192526E-007, 3.0801342E-002, 6.8921292E-002, 1.0576462E-001, 1.3505494E-001, 1.2492237E-001, 1.2719171E-001, 1.3948033E-001, 1.0935028E-001
 4.8019799E+001, 4.3282984E+001, 1.4394674E+001, 1.6789357E+001, 2.1242029E+001, 2.3542156E+001, 2.5166252E+001, 2.5247517E+001, 2.6341617E+001, 2.8357986E+001, 1.1395461E-006, 2.9962326E-002, 7.6019698E-002, 1.1323992E-001, 1.3622336E-001, 1.3598856E-001, 1.3468984E-001, 1.4495137E-001, 1.1199523E-001
 4.9010831E+001, 4.3624625E+001, 1.4455190E+001, 1.6932754E+001, 2.1386153E+001, 2.4003638E+001, 2.5567564E+001, 2.5670029E+001, 2.6814317E+001, 2.8810647E+001, 4.1915443E-006, 3.2560553E-002, 8.8900646E-002, 1.2544098E-001, 1.3587994E-001, 1.3361434E-001, 1.4482877E-001, 1.4525115E-001, 1.1846094E-001
 5.0016418E+001, 4.3962470E+001, 1.4522503E+001, 1.7117349E+001, 2.1582360E+001, 2.4383225E+001, 2.5800708E+001, 2.5904836E+001, 2.7248456E+001, 2.8961569E+001, 2.7786335E-005, 3.6728324E-002, 8.9448664E-002, 1.2202800E-001, 1.2376940E-001, 1.2697608E-001, 1.3944465E-001, 1.4394028E-001, 1.2210204E-001
 5.1005914E+001, 4.4176460E+001, 1.4595837E+001, 1.7326020E+001, 2.1766395E+001, 2.4616937E+001, 2.5875400E+001, 2.6095823E+001, 2.7301520E+001, 2.8923268E+001, 2.6746606E-004, 4.1084646E-002, 8.2495763E-002, 1.1543519E-001, 1.2402043E-001, 1.3237113E-001, 1.2868949E-001, 1.3389907E-001, 1.2691728E-001
 5.2018917E+001, 4.4611486E+001, 1.4677779E+001, 1.7532985E+001, 2.1712552E+001, 2.4693537E+001, 2.6033972E+001, 2.6380376E+001, 2.7353086E+001, 2.8872201E+001, 8.4575308E-004, 4.3497796E-002, 6.4963198E-002, 1.1358952E-001, 1.3142074E-001, 1.3841574E-001, 1.3718769E-001, 1.4820472E-001, 1.3010718E-001
 5.3015459E+001, 4.5245525E+001, 1.4772212E+001, 1.7739470E+001, 2.1570546E+001, 2.4905318E+001, 2.6322037E+001, 2.6685059E+001, 2.7576205E+001, 2.9213534E+001, 1.8509112E-003, 4.5506265E-002, 6.6024709E-002, 1.2345707E-001, 1.4070472E-001, 1.4165304E-001, 1.4227150E-001, 1.4804348E-001, 1.2638490E-001
 5.4003615E+001, 4.5846104E+001, 1.4878472E+001, 1.7952916E+001, 2.1535187E+001, 2.5000490E+001, 2.6705853E+001, 2.6993189E+001, 2.7781838E+001, 2.9446332E+001, 3.2386827E-003, 4.8581908E-002, 7.5916092E-002, 1.0521940E-001, 1.4143099E-001, 1.4273099E-001, 1.4349979E-001, 1.5375962E-001, 1.1563771E-001
 5.5019650E+001, 4.5621393E+001, 1.4996572E+001, 1.8162881E+001, 2.1586641E+001, 2.4850845E+001, 2.6841844E+001, 2.7226355E+001, 2.7974260E+001, 2.9494572E+001, 4.8985130E-003, 4.9001683E-002, 8.1119394E-002, 9.6444979E-002, 1.2317475E-001, 1.3665919E-001, 1.4462211E-001, 1.4787436E-001, 1.2330002E-001
 5.6017672E+001, 4.5896960E+001, 1.5117712E+001, 1.8342528E+001, 2.1723751E+001, 2.4672013E+001, 2.6688567E+001, 2.7375259E+001, 2.8213603E+001, 2.9515245E+001, 6.3999840E-003, 4.8038136E-002, 8.4573892E-002, 9.3579269E-002, 1.1960684E-001, 1.4318446E-001, 1.4960208E-001, 1.5407819E-001, 1.3493777E-001
 5.7008142E+001, 4.5647907E+001, 1.5235046E+001, 1.8495457E+001, 2.1886882E+001, 2.4503832E+001, 2.6754244E+001, 2.7712341E+001, 2.8477320E+001, 2.9657632E+001, 7.4476089E-003, 4.7548036E-002, 8.5191161E-002, 9.3021792E-002, 1.3492892E-001, 1.4691345E-001, 1.5427539E-001, 1.5846261E-001, 1.3501496E-001
 5.8009608E+001, 4.5404678E+001, 1.5338765E+001, 1.8638484E+001, 2.2077152E+001, 2.4437108E+001, 2.7024989E+001, 2.7923961E+001, 2.9035056E+001, 3.0110861E+001, 8.0770423E-003, 4.9855516E-002, 9.2122183E-002, 1.0270692E-001, 1.4015466E-001, 1.4413025E-001, 1.6274995E-001, 1.6179042E-001, 1.4328009E-001
 5.9018841E+001, 4.4469251E+001, 1.5434302E+001, 1.8814141E+001, 2.2448205E+001, 2.4611885E+001, 2.7123841E+001, 2.8202033E+001, 2.9507747E+001, 3.0342683E+001, 8.3352184E-003, 5.5557235E-002, 1.1384060E-001, 1.1921323E-001, 1.2902820E-001, 1.5598997E-001, 1.5986196E-001, 1.5963320E-001, 1.4888412E-001
 6.0001467E+001, 4.4144363E+001, 1.5535793E+001, 1.9061789E+001, 2.3073150E+001, 2.4859158E+001, 2.7067354E+001, 2.8457821E+001, 2.9737803E+001, 3.0542302E+001, 8.2782718E-003, 6.3614352E-002, 1.2637527E-001, 1.2154278E-001, 1.1944118E-001, 1.4483560E-001, 1.5898599E-001, 1.5933429E-001, 1.4465125E-001
 6.1014296E+001, 4.5845941E+001, 1.5629882E+001, 1.9372399E+001, 2.3493650E+001, 2.5067323E+001, 2.6973612E+001, 2.8369696E+001, 2.9784836E+001, 3.0596239E+001, 8.0582638E-003, 7.2622726E-002, 1.1562420E-001, 1.2335026E-001, 1.2222931E-001, 1.2740358E-001, 1.4946046E-001, 1.5501477E-001, 1.3676692E-001
 6.2017352E+001, 4.7231648E+001, 1.5717595E+001, 1.9733680E+001, 2.3813941E+001, 2.5263498E+001, 2.7016785E+001, 2.8204597E+001, 2.9713795E+001, 3.0456684E+001, 7.8218660E-003, 7.9621685E-002, 1.1926012E-001, 1.2250022E-001, 1.3310504E-001, 1.3010738E-001, 1.4916005E-001, 1.5593628E-001, 1.4669517E-001
 6.3016508E+001, 4.8273850E+001, 1.5800860E+001, 2.0081363E+001, 2.4019954E+001, 2.5404287E+001, 2.7122454E+001, 2.8240339E+001, 3.0115840E+001, 3.0837371E+001, 7.5222323E-003, 8.0009367E-002, 1.1355755E-001, 1.2561060E-001, 1.3620322E-001, 1.4654334E-001, 1.7416792E-001, 1.6984133E-001, 1.4324524E-001
 6.4009147E+001, 4.8070448E+001, 1.5872532E+001, 2.0371667E+001, 2.4160868E+001, 2.5555130E+001, 2.7250643E+001, 2.8439642E+001, 3.0627351E+001, 3.1158467E+001, 7.0294454E-003, 7.7405224E-002, 1.1651473E-001, 1.3115649E-001, 1.4536304E-001, 1.5224690E-001, 1.6757224E-001, 1.6661457E-001, 1.5252970E-001
 6.5017257E+001, 4.7954087E+001, 1.5936896E+001, 2.0616250E+001, 2.4479112E+001, 2.5931977E+001, 2.7571844E+001, 2.8642143E+001, 3.0846672E+001, 3.1593621E+001, 6.3186863E-003, 7.6520129E-002, 1.3219318E-001, 1.4081036E-001, 1.5378356E-001, 1.5729903E-001, 1.6418615E-001, 1.7378962E-001, 1.5948354E-001
 6.6014994E+001, 4.8091288E+001, 1.5986668E+001, 2.0871962E+001, 2.5078542E+001, 2.6381218E+001, 2.7898337E+001, 2.8883421E+001, 3.0876430E+001, 3.1870746E+001, 5.3886240E-003, 8.8330822E-002, 1.4642374E-001, 1.4389029E-001, 1.5373596E-001, 1.5896845E-001, 1.6057028E-001, 1.6890764E-001, 1.6120982E-001
 6.7014422E+001, 4.7763722E+001, 1.6029563E+001, 2.1298056E+001, 2.5556159E+001, 2.6778866E+001, 2.8105302E+001, 2.9164937E+001, 3.0883579E+001, 3.1913675E+001, 4.3649738E-003, 1.0932315E-001, 1.3624058E-001, 1.5408521E-001, 1.5150768E-001, 1.6076284E-001, 1.6360222E-001, 1.7099263E-001, 1.6227548E-001
 6.8002834E+001, 4.7478047E+001, 1.6070567E+001, 2.1705077E+001, 2.5869907E+001, 2.7325417E+001, 2.8462110E+001, 2.9351474E+001, 3.1083425E+001, 3.2360375E+001, 3.3732176E-003, 9.4715773E-002, 1.4305539E-001, 1.6542734E-001, 1.6490064E-001, 1.6199568E-001, 1.7071177E-001, 1.8221632E-001, 1.6021495E-001
 6.9021208E+001, 4.7346345E+001, 1.6107800E+001, 2.1930673E+001, 2.6529790E+001, 2.7962604E+001, 2.8903336E+001, 2.9606267E+001, 3.1171683E+001, 3.2550452E+001, 2.6743161E-003, 8.7257927E-002, 1.6594951E-001, 1.6777742E-001, 1.6858943E-001, 1.6656294E-001, 1.6654543E-001, 1.7163800E-001, 1.5889405E-001
 7.0000388E+001, 4.8614933E+001, 1.6133266E+001, 2.2105689E+001, 2.7061985E+001, 2.8314943E+001, 2.9231547E+001, 2.9861201E+001, 3.1191903E+001, 3.2622016E+001, 2.3183413E-003, 8.6761861E-002, 1.5476998E-001, 1.5717181E-001, 1.6513721E-001, 1.6939549E-001, 1.6662205E-001, 1.7640826E-001, 1.5895784E-001
 7.1020309E+001, 4.8819294E+001, 1.6161323E+001, 2.2270445E+001, 2.7348260E+001, 2.8479921E+001, 2.9407863E+001, 3.0071145E+001, 3.1220078E+001, 3.2630896E+001, 2.1620471E-003, 8.6410856E-002, 1.5576410E-001, 1.5885049E-001, 1.6394481E-001, 1.6820239E-001, 1.6766024E-001, 1.7215457E-001, 1.5530578E-001
 7.2015526E+001, 4.8319779E+001, 1.6185874E+001, 2.2430669E+001, 2.7575267E+001, 2.8686967E+001, 2.9607448E+001, 3.0212106E+001, 3.1213185E+001, 3.2710103E+001, 2.0923577E-003, 8.6742757E-002, 1.5194870E-001, 1.6315460E-001, 1.7126395E-001, 1.6523090E-001, 1.6611455E-001, 1.7905311E-001, 1.5612919E-001
 7.3015637E+001, 4.8322354E+001, 1.6215705E+001, 2.2558918E+001, 2.7693181E+001, 2.8896325E+001, 2.9941670E+001, 3.0355461E+001, 3.1163378E+001, 3.2631605E+001, 2.0763899E-003, 8.5866190E-002, 1.4963977E-001, 1.6019307E-001, 1.7297302E-001, 1.7136612E-001, 1.6290859E-001, 1.7225762E-001, 1.5544325E-001
 7.4019908E+001, 4.8455305E+001, 1.6253285E+001, 2.2644556E+001, 2.7812046E+001, 2.9027416E+001, 3.0178866E+001, 3.0508745E+001, 3.1146629E+001, 3.2498909E+001, 2.0743947E-003, 9.6636491E-002, 1.5512894E-001, 1.6527899E-001, 1.7265261E-001, 1.7182547E-001, 1.7387072E-001, 1.8387984E-001, 1.5550759E-001
 7.5016537E+001, 4.8081122E+001, 1.6294574E+001, 2.2826227E+001, 2.8044383E+001, 2.9344027E+001, 3.0363022E+001, 3.0628609E+001, 3.1372755E+001, 3.2896891E+001, 2.0674948E-003, 1.1703866E-001, 1.5962279E-001, 1.7328305E-001, 1.7398293E-001, 1.7403071E-001, 1.7850627E-001, 1.8805931E-001, 1.5659440E-001
 7.6002854E+001, 4.7469900E+001, 1.6337772E+001, 2.3164850E+001, 2.8231915E+001, 2.9619556E+001, 3.0524527E+001, 3.0752961E+001, 3.1501391E+001, 3.2912125E+001, 2.1618186E-003, 1.2980421E-001, 1.6168613E-001, 1.7281638E-001, 1.7458245E-001, 1.7151449E-001, 1.7406597E-001, 1.7577084E-001, 1.5663108E-001
 7.7003685E+001, 4.7446734E+001, 1.6387055E+001, 2.3695525E+001, 2.8378238E+001, 2.9798944E+001, 3.0664907E+001, 3.0756476E+001, 3.1495916E+001, 3.2867787E+001, 2.7422917E-003, 1.3831974E-001, 1.5607081E-001, 1.7178764E-001, 1.7734692E-001, 1.6762375E-001, 1.6934468E-001, 1.8995473E-001, 1.5866571E-001
 7.8018211E+001, 4.8270558E+001, 1.6435403E+001, 2.4230218E+001, 2.8322410E+001, 2.9849885E+001, 3.0734915E+001, 3.0738244E+001, 3.1373276E+001, 3.3031522E+001, 4.2682803E-003, 1.4392552E-001, 1.4487552E-001, 1.6996391E-001, 1.7822816E-001, 1.7288652E-001, 1.6681968E-001, 1.8622519E-001, 1.6046716E-001
 7.9003107E+001, 4.9197803E+001, 1.6490066E+001, 2.4739663E+001, 2.8157227E+001, 2.9986671E+001, 3.0835781E+001, 3.0776660E+001, 3.1266920E+001, 3.2996389E+001, 5.3235214E-003, 1.3885141E-001, 1.3895817E-001, 1.7800593E-001, 1.7998108E-001, 1.7860063E-001, 1.7135176E-001, 1.9017788E-001, 1.6248171E-001
 8.0008183E+001, 5.0714716E+001, 1.6559804E+001, 2.4950358E+001, 2.8147147E+001, 3.0173320E+001, 3.0884198E+001, 3.0851158E+001, 3.1289066E+001, 3.3137826E+001, 5.3011842E-003, 1.1861603E-001, 1.5866225E-001, 1.8146462E-001, 1.7510434E-001, 1.7651599E-001, 1.7748151E-001, 1.8248124E-001, 1.6400463E-001
 8.1008651E+001, 5.1796059E+001, 1.6621566E+001, 2.5054870E+001, 2.8308134E+001, 3.0341011E+001, 3.0906024E+001, 3.0876883E+001, 3.1378540E+001, 3.3160524E+001, 4.9114990E-003, 1.1863341E-001, 1.6756981E-001, 1.8049328E-001, 1.7747420E-001, 1.7414983E-001, 1.8233644E-001, 1.9692360E-001, 1.6397321E-001
 8.2003289E+001, 5.2579958E+001, 1.6672907E+001, 2.5122921E+001, 2.8514483E+001, 3.0472732E+001, 3.0933550E+001, 3.0908061E+001, 3.1626197E+001, 3.3606306E+001, 4.5783234E-003, 1.1200489E-001, 1.7407176E-001, 1.8160451E-001, 1.7856236E-001, 1.7679911E-001, 1.8791497E-001, 1.9731782E-001, 1.6535335E-001
 8.3014801E+001, 5.2604476E+001, 1.6715989E+001, 2.5130162E+001, 2.8632595E+001, 3.0500049E+001, 3.0970685E+001, 3.0978204E+001, 3.1845245E+001, 3.4024063E+001, 4.2797060E-003, 1.0788189E-001, 1.7611489E-001, 1.7866124E-001, 1.8052433E-001, 1.8010717E-001, 1.8853812E-001, 2.0938935E-001, 1.6636078E-001
 8.4005693E+001, 5.1545988E+001, 1.6767308E+001, 2.5135983E+001, 2.8846923E+001, 3.0609775E+001, 3.1049747E+001, 3.1066517E+001, 3.2104994E+001, 3.4744501E+001, 4.0161866E-003, 1.0632468E-001, 1.8141071E-001, 1.9172563E-001, 1.8917977E-001, 1.8278535E-001, 1.9320872E-001, 2.2680185E-001, 1.7291964E-001
 8.5010380E+001, 5.0761201E+001, 1.6809973E+001, 2.5128983E+001, 2.9033730E+001, 3.0809545E+001, 3.1295237E+001, 3.1240991E+001, 3.2243179E+001, 3.5147531E+001, 3.8657642E-003, 1.0575906E-001, 1.8172726E-001, 1.9047660E-001, 1.9587073E-001, 1.9443072E-001, 1.9227024E-001, 2.0844149E-001, 1.7784325E-001
 8.6004504E+001, 5.1006774E+001, 1.6854399E+001, 2.5147767E+001, 2.9282277E+001, 3.0901468E+001, 3.1516360E+001, 3.1542330E+001, 3.2340690E+001, 3.5227398E+001, 4.0047385E-003, 1.1119784E-001, 1.8580755E-001, 1.8883111E-001, 1.9738728E-001, 1.9849623E-001, 1.9543418E-001, 2.1603730E-001, 1.8113167E-001
 8.7017364E+001, 5.2898738E+001, 1.6902007E+001, 2.5372274E+001, 2.9409793E+001, 3.0950671E+001, 3.1781411E+001, 3.1840092E+001, 3.2442300E+001, 3.5293189E+001, 5.1828879E-003, 1.4993998E-001, 1.7501883E-001, 1.8543269E-001, 2.0148372E-001, 1.9988072E-001, 1.9490228E-001, 2.0542883E-001, 1.8009540E-001
 8.8004754E+001, 5.3215130E+001, 1.6973726E+001, 2.5935353E+001, 2.9416947E+001, 3.1062426E+001, 3.2127818E+001, 3.2134346E+001, 3.2522876E+001, 3.5074535E+001, 9.0224312E-003, 1.6207067E-001, 1.6460472E-001, 1.9086713E-001, 2.0213566E-001, 2.0021569E-001, 1.9652963E-001, 2.0597892E-001, 1.8163615E-001
 8.9021284E+001, 5.3517643E+001, 1.7085601E+001, 2.6293972E+001, 2.9410070E+001, 3.1258340E+001, 3.2359167E+001, 3.2376075E+001, 3.2738312E+001, 3.5332442E+001, 1.5615739E-002, 1.5425514E-001, 1.6727822E-001, 1.9847612E-001, 2.0035985E-001, 1.9985598E-001, 2.0520745E-001, 2.1615585E-001, 1.7778719E-001
 9.0014728E+001, 5.2622063E+001, 1.7230255E+001, 2.6553706E+001, 2.9671070E+001, 3.1512465E+001, 3.2489340E+001, 3.2549616E+001, 3.2993168E+001, 3.5582435E+001, 2.0566538E-002, 1.5949805E-001, 1.9806662E-001, 2.0389169E-001, 2.0317632E-001, 2.0052188E-001, 2.0356638E-001, 2.2272563E-001, 1.7951114E-001
 9.1016735E+001, 5.1583646E+001, 1.7374427E+001, 2.6780972E+001, 3.0134295E+001, 3.1713276E+001, 3.2590987E+001, 3.2647032E+001, 3.3157362E+001, 3.6041278E+001, 2.1256464E-002, 1.5606388E-001, 2.0449903E-001, 2.0475429E-001, 2.0430280E-001, 2.0158027E-001, 2.0119327E-001, 2.1887482E-001, 1.8123490E-001
 9.2003807E+001, 5.1957807E+001, 1.7496859E+001, 2.6865048E+001, 3.0532975E+001, 3.1940381E+001, 3.2661567E+001, 3.2664435E+001, 3.3221983E+001, 3.5969872E+001, 1.8300433E-002, 1.5044970E-001, 2.0647764E-001, 2.0859212E-001, 2.0543250E-001, 1.9877514E-001, 2.0208892E-001, 2.1061249E-001, 1.8228656E-001
 9.3004547E+001, 5.1560316E+001, 1.7586854E+001, 2.6875953E+001, 3.0900379E+001, 3.2316562E+001, 3.2878628E+001, 3.2668642E+001, 3.3409010E+001, 3.5776218E+001, 1.4838841E-002, 1.3872934E-001, 2.0030545E-001, 2.0967409E-001, 2.0981029E-001, 1.9946794E-001, 2.0672609E-001, 2.1169502E-001, 1.8364900E-001
 9.4011699E+001, 5.2665843E+001, 1.7662639E+001, 2.6812349E+001, 3.1022782E+001, 3.2563237E+001, 3.3122870E+001, 3.2785366E+001, 3.3706363E+001, 3.5790370E+001, 1.2737363E-002, 1.1914441E-001, 1.9154514E-001, 2.0308046E-001, 2.1238453E-001, 2.0450311E-001, 2.1249209E-001, 2.1970400E-001, 1.8482284E-001
 9.5009985E+001, 5.4239863E+001, 1.7718462E+001, 2.6733074E+001, 3.1004610E+001, 3.2570911E+001, 3.3367041E+001, 3.2955155E+001, 3.3946590E+001, 3.5870922E+001, 1.2303570E-002, 1.1854908E-001, 1.8830962E-001, 1.9932379E-001, 2.1326180E-001, 2.0965318E-001, 2.1111720E-001, 2.1581473E-001, 1.9053758E-001
 9.6020710E+001, 5.4330882E+001, 1.7774156E+001, 2.6677276E+001, 3.0894864E+001, 3.2638661E+001, 3.3582605E+001, 3.3176648E+001, 3.4062063E+001, 3.5764327E+001, 1.3261294E-002, 1.2182031E-001, 1.7022476E-001, 2.0687661E-001, 2.1385784E-001, 2.1334289E-001, 2.1061881E-001, 2.1265280E-001, 1.9613009E-001
 9.7017935E+001, 5.3674929E+001, 1.7844054E+001, 2.6659065E+001, 3.0674175E+001, 3.2686876E+001, 3.3676444E+001, 3.3387320E+001, 3.4234175E+001, 3.5665642E+001, 1.5807068E-002, 1.2764770E-001, 1.6323829E-001, 1.9476449E-001, 2.1000599E-001, 2.1337366E-001, 2.1532329E-001, 2.2028216E-001, 1.9717220E-001
 9.8008962E+001, 5.4175360E+001, 1.7949744E+001, 2.6731341E+001, 3.0449064E+001, 3.2488488E+001, 3.3559798E+001, 3.3446524E+001, 3.4467844E+001, 3.5703412E+001, 1.9981864E-002, 1.4100961E-001, 1.5691004E-001, 1.7571368E-001, 1.9591610E-001, 2.0915426E-001, 2.1801838E-001, 2.2250691E-001, 1.9728972E-001
 9.9010274E+001, 5.5439458E+001, 1.8090999E+001, 2.6935810E+001, 3.0250448E+001, 3.2178861E+001, 3.3293616E+001, 3.3368723E+001, 3.4796768E+001, 3.5892069E+001, 2.4404736E-002, 1.6169358E-001, 1.5787579E-001, 1.6986076E-001, 1.8884014E-001, 2.0246409E-001, 2.2945674E-001, 2.3097447E-001, 1.9843377E-001
 1.0000501E+002, 5.6325540E+001, 1.8260084E+001, 2.7258647E+001, 3.0129880E+001, 3.1940950E+001, 3.3087223E+001, 3.3313916E+001, 3.5076427E+001, 3.6152769E+001, 2.7086087E-002, 1.6479485E-001, 1.6596991E-001, 1.7221221E-001, 1.9420086E-001, 2.0777299E-001, 2.1969917E-001, 2.3016722E-001, 2.0047199E-001
 1.0100687E+002, 5.8382920E+001, 1.8412295E+001, 2.7465137E+001, 3.0105775E+001, 3.1732657E+001, 3.3029610E+001, 3.3435818E+001, 3.5126851E+001, 3.6458935E+001, 2.6602857E-002, 1.5187509E-001, 1.8230316E-001, 1.7778821E-001, 2.0820758E-001, 2.1940037E-001, 2.2265750E-001, 2.4238080E-001, 2.0235841E-001
 1.0200936E+002, 5.8670804E+001, 1.8546932E+001, 2.7600187E+001, 3.0282240E+001, 3.1875676E+001, 3.3227335E+001, 3.3729314E+001, 3.5250968E+001, 3.6709479E+001, 2.5277189E-002, 1.4889701E-001, 2.0644875E-001, 2.1880814E-001, 2.2476376E-001, 2.2755637E-001, 2.2693365E-001, 2.4263092E-001, 2.0842701E-001
 1.0302026E+002, 5.8975269E+001, 1.8656338E+001, 2.7708376E+001, 3.0840614E+001, 3.2341169E+001, 3.3582706E+001, 3.4065333E+001, 3.5363269E+001, 3.7315613E+001, 2.5334570E-002, 1.5021860E-001, 2.2411707E-001, 2.2103091E-001, 2.3006553E-001, 2.3119536E-001, 2.2916883E-001, 2.4285633E-001, 2.0897744E-001
 1.0402188E+002, 5.8592664E+001, 1.8751425E+001, 2.7783446E+001, 3.1391320E+001, 3.2643412E+001, 3.4026318E+001, 3.4398284E+001, 3.5465332E+001, 3.7407881E+001, 2.6313028E-002, 1.4963650E-001, 2.2373482E-001, 2.2596713E-001, 2.3855200E-001, 2.3662239E-001, 2.2911458E-001, 2.3533095E-001, 2.1551158E-001
 1.0502186E+002, 5.7481602E+001, 1.8845480E+001, 2.7878806E+001, 3.1792990E+001, 3.2973195E+001, 3.4444183E+001, 3.4714898E+001, 3.5547033E+001, 3.7493366E+001, 2.7454244E-002, 1.5090149E-001, 2.2374979E-001, 2.2331597E-001, 2.3093724E-001, 2.3513928E-001, 2.3345663E-001, 2.4381906E-001, 2.2116277E-001
 1.0600758E+002, 5.7515000E+001, 1.8945039E+001, 2.7992113E+001, 3.2068197E+001, 3.3117152E+001, 3.4546353E+001, 3.4798743E+001, 3.5632320E+001, 3.7899832E+001, 2.9047915E-002, 1.4998220E-001, 2.2356431E-001, 2.2140527E-001, 2.2476145E-001, 2.1920845E-001, 2.3004297E-001, 2.5080015E-001, 2.1949596E-001
 1.0700994E+002, 5.6723584E+001, 1.9050726E+001, 2.8069058E+001, 3.2256890E+001, 3.3312394E+001, 3.4531052E+001, 3.4686481E+001, 3.5599852E+001, 3.8019828E+001, 3.1028009E-002, 1.4680031E-001, 2.2224953E-001, 2.3065521E-001, 2.2121161E-001, 2.1632960E-001, 2.2763434E-001, 2.4650599E-001, 2.1602895E-001
 1.0801567E+002, 5.5992111E+001, 1.9169682E+001, 2.8102049E+001, 3.2556320E+001, 3.3811829E+001, 3.4489897E+001, 3.4739289E+001, 3.5764860E+001, 3.8367795E+001, 3.2645445E-002, 1.4210584E-001, 2.2360505E-001, 2.4189289E-001, 2.2166023E-001, 2.2414480E-001, 2.3809073E-001, 2.4887629E-001, 2.1580174E-001
 1.0901237E+002, 5.4916413E+001, 1.9292299E+001, 2.8118466E+001, 3.2830041E+001, 3.4180171E+001, 3.4593856E+001, 3.5041496E+001, 3.5968269E+001, 3.8254784E+001, 3.3085621E-002, 1.4568257E-001, 2.0918350E-001, 2.2001156E-001, 2.2663321E-001, 2.3555321E-001, 2.4035158E-001, 2.4006997E-001, 2.2130677E-001
 1.1001603E+002, 5.5291650E+001, 1.9402313E+001, 2.8230839E+001, 3.2686609E+001, 3.4099668E+001, 3.4649535E+001, 3.5366961E+001, 3.6082993E+001, 3.7949767E+001, 3.1890066E-002, 1.6416073E-001, 1.8290924E-001, 2.1324455E-001, 2.2091847E-001, 2.3834490E-001, 2.3825212E-001, 2.4453331E-001, 2.2830150E-001
 1.1101191E+002, 5.6380459E+001, 1.9483184E+001, 2.8403926E+001, 3.2400310E+001, 3.4262773E+001, 3.4737341E+001, 3.5610854E+001, 3.6203844E+001, 3.8008221E+001, 2.8312986E-002, 1.6576518E-001, 1.8523506E-001, 2.4050972E-001, 2.3547588E-001, 2.3476994E-001, 2.4523364E-001, 2.4969523E-001, 2.2964642E-001
 1.1201059E+002, 5.6668886E+001, 1.9526947E+001, 2.8519443E+001, 3.2248163E+001, 3.4548320E+001, 3.4906971E+001, 3.5624503E+001, 3.6438486E+001, 3.8006026E+001, 2.2308300E-002, 1.5907019E-001, 1.9731459E-001, 2.4094514E-001, 2.3844657E-001, 2.2582932E-001, 2.4561277E-001, 2.4462010E-001, 2.2936085E-001
 1.1301634E+002, 5.7595724E+001, 1.9523412E+001, 2.8647169E+001, 3.2285483E+001, 3.4636626E+001, 3.5012722E+001, 3.5552866E+001, 3.6574241E+001, 3.7924675E+001, 1.7168212E-002, 1.6359658E-001, 2.1872330E-001, 2.3993884E-001, 2.4193753E-001, 2.2558038E-001, 2.4327398E-001, 2.5314826E-001, 2.3026295E-001
 1.1402133E+002, 5.7582110E+001, 1.9491589E+001, 2.8816085E+001, 3.2593282E+001, 3.4862025E+001, 3.5181448E+001, 3.5531639E+001, 3.6759095E+001, 3.8158331E+001, 1.6112770E-002, 1.7116255E-001, 2.4208621E-001, 2.4772522E-001, 2.4471564E-001, 2.2896958E-001, 2.5779547E-001, 2.6751400E-001, 2.3383631E-001
 1.1502542E+002, 5.7054908E+001, 1.9476131E+001, 2.8985975E+001, 3.3131555E+001, 3.5130930E+001, 3.5379301E+001, 3.5614473E+001, 3.7219364E+001, 3.8660870E+001, 2.1089997E-002, 1.7648048E-001, 2.4322946E-001, 2.4869258E-001, 2.4701344E-001, 2.3442488E-001, 2.5754751E-001, 2.5774923E-001, 2.3578881E-001
 1.1600858E+002, 5.6959642E+001, 1.9532315E+001, 2.9265998E+001, 3.3407405E+001, 3.5360958E+001, 3.5493000E+001, 3.5645082E+001, 3.7422190E+001, 3.8458638E+001, 3.4641608E-002, 2.1213229E-001, 2.3035946E-001, 2.4919693E-001, 2.4664687E-001, 2.4215131E-001, 2.4738164E-001, 2.4992050E-001, 2.3900010E-001
 1.1700888E+002, 5.7095007E+001, 1.9701322E+001, 2.9774760E+001, 3.3590571E+001, 3.5566812E+001, 3.5570090E+001, 3.5672231E+001, 3.7495459E+001, 3.8618732E+001, 5.3183422E-002, 2.2128285E-001, 2.2796895E-001, 2.5113173E-001, 2.4696667E-001, 2.4553615E-001, 2.6052309E-001, 2.7466392E-001, 2.3957377E-001
 1.1800387E+002, 5.6327792E+001, 1.9964835E+001, 3.0070819E+001, 3.3500470E+001, 3.5555875E+001, 3.5668000E+001, 3.5757376E+001, 3.7664684E+001, 3.9032109E+001, 6.6921333E-002, 1.9461417E-001, 2.1441814E-001, 2.3384736E-001, 2.4935267E-001, 2.4653220E-001, 2.5340594E-001, 2.6261370E-001, 2.3628698E-001
 1.1902207E+002, 5.6791708E+001, 2.0234659E+001, 3.0137804E+001, 3.3514317E+001, 3.5350468E+001, 3.5839989E+001, 3.5915252E+001, 3.7503397E+001, 3.8868339E+001, 7.3172148E-002, 1.8942568E-001, 2.3842062E-001, 2.3819767E-001, 2.5852620E-001, 2.5593930E-001, 2.4700817E-001, 2.5930224E-001, 2.3706421E-001
 1.2000658E+002, 5.6101327E+001, 2.0480093E+001, 3.0195193E+001, 3.3713509E+001, 3.5316036E+001, 3.6004310E+001, 3.6150418E+001, 3.7470177E+001, 3.9030446E+001, 7.2728917E-002, 1.9283504E-001, 2.4619069E-001, 2.4756884E-001, 2.5782871E-001, 2.5815769E-001, 2.5892473E-001, 2.6671054E-001, 2.3707531E-001
 1.2101438E+002, 5.5621612E+001, 2.0713290E+001, 3.0221369E+001, 3.3786247E+001, 3.5286663E+001, 3.6082360E+001, 3.6314467E+001, 3.7608075E+001, 3.9237877E+001, 6.7015895E-002, 1.8450398E-001, 2.3681454E-001, 2.4812850E-001, 2.5800755E-001, 2.5847192E-001, 2.5841733E-001, 2.7189800E-001, 2.3925413E-001
 1.2200242E+002, 5.6506233E+001, 2.0889056E+001, 3.0193980E+001, 3.3718683E+001, 3.5358647E+001, 3.6238060E+001, 3.6427840E+001, 3.7621029E+001, 3.9386874E+001, 5.6928712E-002, 1.7542007E-001, 2.3043486E-001, 2.6024499E-001, 2.6142454E-001, 2.6070817E-001, 2.5887411E-001, 2.6585225E-001, 2.3848835E-001
 1.2300002E+002, 5.5499670E+001, 2.0989606E+001, 3.0156866E+001, 3.3698554E+001, 3.5593908E+001, 3.6394947E+001, 3.6552289E+001, 3.7640764E+001, 3.9503872E+001, 4.6410673E-002, 1.7648571E-001, 2.3763010E-001, 2.6317933E-001, 2.6438984E-001, 2.6203587E-001, 2.6287894E-001, 2.7676011E-001, 2.4042653E-001
 1.2402084E+002, 5.5921789E+001, 2.1032029E+001, 3.0165704E+001, 3.3915791E+001, 3.5896507E+001, 3.6555734E+001, 3.6663478E+001, 3.7807958E+001, 4.0165278E+001, 4.0150265E-002, 1.8892034E-001, 2.6111717E-001, 2.6894665E-001, 2.6708568E-001, 2.6339202E-001, 2.6491642E-001, 2.7634936E-001, 2.4117416E-001
 1.2501947E+002, 5.8585569E+001, 2.1051137E+001, 3.0340913E+001, 3.4427153E+001, 3.6198046E+001, 3.6799476E+001, 3.6810618E+001, 3.7838263E+001, 4.0141547E+001, 4.3740466E-002, 2.2151140E-001, 2.6750652E-001, 2.6717822E-001, 2.6802432E-001, 2.6789564E-001, 2.6394986E-001, 2.7574915E-001, 2.4151887E-001
 1.2600871E+002, 6.0769075E+001, 2.1105678E+001, 3.0601037E+001, 3.4777128E+001, 3.6465037E+001, 3.7045065E+001, 3.7006135E+001, 3.8019866E+001, 4.0467358E+001, 5.7032162E-002, 2.1640544E-001, 2.6138517E-001, 2.6903924E-001, 2.6892713E-001, 2.6790282E-001, 2.7469561E-001, 2.8668885E-001, 2.4372808E-001
 1.2701480E+002, 6.1387372E+001, 2.1217557E+001, 3.0797322E+001, 3.4954465E+001, 3.6631081E+001, 3.7222275E+001, 3.7207214E+001, 3.8254342E+001, 4.0676337E+001, 7.3033768E-002, 2.2503156E-001, 2.5133608E-001, 2.6040027E-001, 2.6474610E-001, 2.6876946E-001, 2.7104582E-001, 2.8308731E-001, 2.4724647E-001
 1.2800127E+002, 6.2217324E+001, 2.1384237E+001, 3.1076957E+001, 3.4896272E+001, 3.6539038E+001, 3.7125158E+001, 3.7293342E+001, 3.8329002E+001, 4.0853002E+001, 8.9324685E-002, 2.4344516E-001, 2.3612179E-001, 2.4984066E-001, 2.5743314E-001, 2.6573212E-001, 2.6795832E-001, 2.8359644E-001, 2.5153064E-001
 1.2901655E+002, 6.3477430E+001, 2.1610934E+001, 3.1342296E+001, 3.4964445E+001, 3.6481832E+001, 3.7283023E+001, 3.7488857E+001, 3.8282149E+001, 4.0947076E+001, 1.0497679E-001, 2.4892280E-001, 2.5485112E-001, 2.5836634E-001, 2.7764094E-001, 2.7457137E-001, 2.6819587E-001, 2.8712419E-001, 2.5538892E-001
 1.3001447E+002, 6.3337633E+001, 2.1877535E+001, 3.1606065E+001, 3.5110743E+001, 3.6548860E+001, 3.7599665E+001, 3.7730306E+001, 3.8277881E+001, 4.1102201E+001, 1.1409455E-001, 2.4622180E-001, 2.5728973E-001, 2.6393340E-001, 2.7907652E-001, 2.7429351E-001, 2.7363464E-001, 3.0142978E-001, 2.5456852E-001
 1.3100361E+002, 6.1372132E+001, 2.2135262E+001, 3.1865875E+001, 3.5240605E+001, 3.6692178E+001, 3.7943548E+001, 3.7947142E+001, 3.8446603E+001, 4.1357824E+001, 1.0782052E-001, 2.3616413E-001, 2.5835540E-001, 2.6993172E-001, 2.8148076E-001, 2.7773074E-001, 2.7880382E-001, 2.8674279E-001, 2.6052098E-001
 1.3201926E+002, 6.1054396E+001, 2.2294824E+001, 3.1955890E+001, 3.5433024E+001, 3.6820451E+001, 3.8234987E+001, 3.8142187E+001, 3.8584015E+001, 4.1311338E+001, 8.3957505E-002, 2.0979909E-001, 2.6462492E-001, 2.7338172E-001, 2.8454448E-001, 2.8072496E-001, 2.7732361E-001, 2.8947374E-001, 2.6406999E-001
 1.3301111E+002, 6.0587423E+001, 2.2337699E+001, 3.1835426E+001, 3.5746638E+001, 3.7138467E+001, 3.8472440E+001, 3.8319195E+001, 3.8724387E+001, 4.1295466E+001, 6.2107436E-002, 1.9621035E-001, 2.8221281E-001, 2.8856052E-001, 2.8801684E-001, 2.8549895E-001, 2.7912793E-001, 2.8507423E-001, 2.6309118E-001
 1.3401493E+002, 6.0415232E+001, 2.2312062E+001, 3.1693248E+001, 3.6165895E+001, 3.7510542E+001, 3.8682401E+001, 3.8532330E+001, 3.8848204E+001, 4.1320309E+001, 5.5700599E-002, 2.0454585E-001, 2.8818402E-001, 2.9174690E-001, 2.8936159E-001, 2.9097851E-001, 2.8326185E-001, 2.9489199E-001, 2.6313843E-001
 1.3501954E+002, 5.9852133E+001, 2.2303004E+001, 3.1581508E+001, 3.6552935E+001, 3.7772748E+001, 3.8820829E+001, 3.8761973E+001, 3.8997759E+001, 4.1383699E+001, 6.8302465E-002, 2.0098425E-001, 2.9277568E-001, 2.9139813E-001, 2.8923204E-001, 2.8967732E-001, 2.8967374E-001, 2.9325388E-001, 2.6418163E-001
 1.3602393E+002, 6.1839409E+001, 2.2380039E+001, 3.1469308E+001, 3.6870091E+001, 3.7960600E+001, 3.8879890E+001, 3.8914217E+001, 3.9244778E+001, 4.1774366E+001, 9.2266274E-002, 2.0592380E-001, 2.8975798E-001, 2.8949638E-001, 2.8943891E-001, 2.8856021E-001, 2.9551102E-001, 3.0732089E-001, 2.6508629E-001
 1.3702340E+002, 6.1437071E+001, 2.2564309E+001, 3.1547531E+001, 3.7145051E+001, 3.8095658E+001, 3.8891899E+001, 3.8968089E+001, 3.9498579E+001, 4.2308145E+001, 1.1294236E-001, 2.5182322E-001, 2.8900834E-001, 2.8737701E-001, 2.8772769E-001, 2.8723751E-001, 2.9522688E-001, 3.1383663E-001, 2.6689983E-001
 1.3801094E+002, 6.2831839E+001, 2.2821506E+001, 3.1911981E+001, 3.7307909E+001, 3.8171020E+001, 3.8873060E+001, 3.8974352E+001, 3.9710423E+001, 4.2540473E+001, 1.2228528E-001, 2.3471462E-001, 2.8773592E-001, 2.8719282E-001, 2.8754390E-001, 2.8685100E-001, 2.9475792E-001, 3.0405929E-001, 2.7045941E-001
 1.3901389E+002, 6.5706911E+001, 2.3068286E+001, 3.1939671E+001, 3.7400502E+001, 3.8301670E+001, 3.8897014E+001, 3.8938374E+001, 3.9673977E+001, 4.2236303E+001, 1.2376430E-001, 2.0724902E-001, 2.8742572E-001, 2.9287750E-001, 2.9082162E-001, 2.8712930E-001, 2.8850484E-001, 2.9826478E-001, 2.7050361E-001
 1.4001113E+002, 6.5015344E+001, 2.3297819E+001, 3.1910243E+001, 3.7448765E+001, 3.8416188E+001, 3.8949065E+001, 3.8897388E+001, 3.9731534E+001, 4.2406506E+001, 1.1845629E-001, 2.1069666E-001, 2.8922533E-001, 2.9356598E-001, 2.9441708E-001, 2.8602779E-001, 3.0963720E-001, 3.3006921E-001, 2.7637387E-001
 1.4101262E+002, 6.5491145E+001, 2.3452352E+001, 3.1981483E+001, 3.7441633E+001, 3.8388091E+001, 3.9011723E+001, 3.8786728E+001, 4.0411131E+001, 4.3086959E+001, 1.0927605E-001, 2.3028161E-001, 2.8801301E-001, 2.9021424E-001, 2.9734284E-001, 2.8799610E-001, 3.1469358E-001, 3.2003264E-001, 2.7758478E-001
 1.4201677E+002, 6.3505562E+001, 2.3537810E+001, 3.2185264E+001, 3.7410250E+001, 3.8252429E+001, 3.8956809E+001, 3.8725463E+001, 4.0367028E+001, 4.2780129E+001, 1.0170968E-001, 2.4330851E-001, 2.9080676E-001, 2.9125537E-001, 2.9679594E-001, 2.9403998E-001, 2.8976751E-001, 3.0618167E-001, 2.7778262E-001
 1.4300639E+002, 6.2399415E+001, 2.3591973E+001, 3.2345965E+001, 3.7414008E+001, 3.8168628E+001, 3.8891796E+001, 3.8661307E+001, 4.0133136E+001, 4.2416051E+001, 1.0026423E-001, 2.4364560E-001, 2.9598976E-001, 2.9642971E-001, 2.9900298E-001, 2.9542978E-001, 2.9257447E-001, 3.0538271E-001, 2.7854979E-001
 1.4400244E+002, 6.2981737E+001, 2.3664766E+001, 3.2540238E+001, 3.7362758E+001, 3.8192381E+001, 3.8809940E+001, 3.8609693E+001, 3.9992173E+001, 4.2076125E+001, 1.0519339E-001, 2.5175541E-001, 2.9774354E-001, 3.0262737E-001, 3.0049472E-001, 2.9694797E-001, 2.9693919E-001, 3.0037074E-001, 2.8010805E-001
 1.4501879E+002, 6.3787357E+001, 2.3764635E+001, 3.2751041E+001, 3.7363769E+001, 3.8361089E+001, 3.8822462E+001, 3.8497008E+001, 3.9815948E+001, 4.1688743E+001, 1.1250325E-001, 2.5524427E-001, 3.0440698E-001, 3.1098883E-001, 3.0788258E-001, 2.9659143E-001, 2.9512373E-001, 3.0308342E-001, 2.8206414E-001
 1.4600557E+002, 6.3125496E+001, 2.3897128E+001, 3.2880182E+001, 3.7563595E+001, 3.8586083E+001, 3.8879036E+001, 3.8403608E+001, 3.9679197E+001, 4.1829681E+001, 1.1770020E-001, 2.5294763E-001, 3.1294472E-001, 3.1257439E-001, 3.0936615E-001, 2.9816621E-001, 2.9903989E-001, 3.1068840E-001, 2.8562692E-001
 1.4701829E+002, 6.2876337E+001, 2.4032002E+001, 3.2880746E+001, 3.7869439E+001, 3.8678332E+001, 3.8817452E+001, 3.8345570E+001, 3.9739034E+001, 4.2015375E+001, 1.1847680E-001, 2.4639686E-001, 3.1138623E-001, 3.0760990E-001, 3.0408361E-001, 2.9838173E-001, 3.0495957E-001, 3.1872344E-001, 2.8620499E-001
 1.4800996E+002, 6.3112209E+001, 2.4130720E+001, 3.2845051E+001, 3.8113534E+001, 3.8640538E+001, 3.8832125E+001, 3.8326397E+001, 3.9718026E+001, 4.1974028E+001, 1.1639513E-001, 2.4036946E-001, 3.1290740E-001, 3.0559262E-001, 3.0701990E-001, 3.0399011E-001, 3.0277322E-001, 3.1009297E-001, 2.9209217E-001
 1.4900299E+002, 6.3035980E+001, 2.4211124E+001, 3.2843746E+001, 3.8219504E+001, 3.8727693E+001, 3.8954568E+001, 3.8394483E+001, 3.9703747E+001, 4.1660477E+001, 1.1584738E-001, 2.4079133E-001, 3.1039548E-001, 3.1466433E-001, 3.1415801E-001, 3.0750358E-001, 3.0642542E-001, 3.0815031E-001, 2.9658594E-001
 1.5002039E+002, 6.3753304E+001, 2.4283024E+001, 3.2847477E+001, 3.8315950E+001, 3.8965933E+001, 3.9271616E+001, 3.8602150E+001, 4.0127626E+001, 4.1656142E+001, 1.1936108E-001, 2.4204461E-001, 3.1332981E-001, 3.1377672E-001, 3.1664394E-001, 3.1259930E-001, 3.1513333E-001, 3.1507749E-001, 3.0129173E-001
 1.5101702E+002, 6.3848390E+001, 2.4375980E+001, 3.2852302E+001, 3.8429555E+001, 3.9093514E+001, 3.9498512E+001, 3.8858774E+001, 4.0551779E+001, 4.1894287E+001, 1.2606818E-001, 2.4180631E-001, 3.0887508E-001, 3.1596946E-001, 3.1498033E-001, 3.1155635E-001, 3.1729935E-001, 3.2173028E-001, 3.0572657E-001
 1.5201203E+002, 6.3081225E+001, 2.4502301E+001, 3.2863322E+001, 3.8428751E+001, 3.9182672E+001, 3.9602281E+001, 3.9066350E+001, 4.0824364E+001, 4.2611776E+001, 1.3547079E-001, 2.4293427E-001, 3.1167249E-001, 3.1293923E-001, 3.1687002E-001, 3.1571305E-001, 3.1801300E-001, 3.4438455E-001, 3.0679774E-001
 1.5301731E+002, 6.3715421E+001, 2.4634498E+001, 3.3054888E+001, 3.8381243E+001, 3.9261153E+001, 3.9659010E+001, 3.9223432E+001, 4.1053730E+001, 4.3364541E+001, 1.4236260E-001, 2.8182339E-001, 2.9824088E-001, 3.1666908E-001, 3.1371669E-001, 3.1372425E-001, 3.2422219E-001, 3.3143583E-001, 3.0672487E-001
 1.5401561E+002, 6.4649305E+001, 2.4713522E+001, 3.3712342E+001, 3.8312688E+001, 3.9550483E+001, 3.9777948E+001, 3.9171719E+001, 4.1232735E+001, 4.3340231E+001, 1.3827243E-001, 2.9827730E-001, 3.1221512E-001, 3.2159172E-001, 3.1161371E-001, 3.0158771E-001, 3.2460118E-001, 3.3556240E-001, 3.0775829E-001
 1.5501682E+002, 6.5825164E+001, 2.4694381E+001, 3.4122740E+001, 3.8775987E+001, 4.0054497E+001, 3.9755097E+001, 3.9037113E+001, 4.1648311E+001, 4.3837456E+001, 1.2724515E-001, 2.7891789E-001, 3.2469668E-001, 3.3193509E-001, 3.0133017E-001, 2.9777294E-001, 3.2948156E-001, 3.3794611E-001, 3.0941584E-001
 1.5602109E+002, 6.7130090E+001, 2.4613002E+001, 3.4208563E+001, 3.9118493E+001, 4.0487132E+001, 3.9701292E+001, 3.9011102E+001, 4.1833051E+001, 4.4291496E+001, 1.2511999E-001, 2.6322238E-001, 3.2499464E-001, 3.3276203E-001, 3.1483670E-001, 3.0662402E-001, 3.2180657E-001, 3.4496185E-001, 3.0826009E-001
 1.5700599E+002, 6.8930947E+001, 2.4534686E+001, 3.4195549E+001, 3.9355799E+001, 4.0680715E+001, 3.9970000E+001, 3.9349717E+001, 4.1929665E+001, 4.4947677E+001, 1.3563332E-001, 2.5944862E-001, 3.1952807E-001, 3.2387046E-001, 3.3036416E-001, 3.2801296E-001, 3.2737077E-001, 3.5811836E-001, 3.1411380E-001
 1.5801832E+002, 7.1410950E+001, 2.4507490E+001, 3.4153828E+001, 3.9387203E+001, 4.0689461E+001, 4.0318465E+001, 3.9788635E+001, 4.1959083E+001, 4.5735031E+001, 1.5575814E-001, 2.7167586E-001, 3.1634252E-001, 3.2532650E-001, 3.3372987E-001, 3.2587757E-001, 3.2609229E-001, 3.4778489E-001, 3.1517238E-001
 1.5901479E+002, 7.4103651E+001, 2.4553443E+001, 3.4285901E+001, 3.9437462E+001, 4.0778771E+001, 4.0625816E+001, 4.0057661E+001, 4.1949388E+001, 4.5749384E+001, 1.7889283E-001, 2.9080736E-001, 3.2982435E-001, 3.3426570E-001, 3.3317683E-001, 3.2463813E-001, 3.2921116E-001, 3.4880711E-001, 3.1416196E-001
 1.6002148E+002, 7.6322697E+001, 2.4640678E+001, 3.4561213E+001, 3.9806626E+001, 4.1144510E+001, 4.0785685E+001, 4.0233011E+001, 4.2164571E+001, 4.6076215E+001, 1.9429198E-001, 2.9293626E-001, 3.4275423E-001, 3.4757909E-001, 3.3731306E-001, 3.2615281E-001, 3.3533363E-001, 3.5613595E-001, 3.1806500E-001
 1.6100691E+002, 7.6182841E+001, 2.4759259E+001, 3.4655977E+001, 4.0525163E+001, 4.1814699E+001, 4.1183198E+001, 4.0388422E+001, 4.2354333E+001, 4.6075213E+001, 1.9648636E-001, 2.7278419E-001, 3.5521057E-001, 3.5399511E-001, 3.4650061E-001, 3.3291586E-001, 3.3462709E-001, 3.4650785E-001, 3.1960380E-001
 1.6201607E+002, 7.7225038E+001, 2.4882073E+001, 3.4602036E+001, 4.1141371E+001, 4.2246811E+001, 4.1598910E+001, 4.0677872E+001, 4.2420878E+001, 4.5816354E+001, 1.9386497E-001, 2.7126968E-001, 3.4884312E-001, 3.5133971E-001, 3.4503897E-001, 3.4198919E-001, 3.3630811E-001, 3.5696003E-001, 3.2215877E-001
 1.6300007E+002, 7.8016889E+001, 2.5030647E+001, 3.4731131E+001, 4.1265317E+001, 4.2411680E+001, 4.1796101E+001, 4.1118993E+001, 4.2566100E+001, 4.5704139E+001, 1.8973032E-001, 2.9393511E-001, 3.4973532E-001, 3.5419502E-001, 3.4932423E-001, 3.4567294E-001, 3.4785307E-001, 3.5593315E-001, 3.2412520E-001
 1.6401064E+002, 7.7120326E+001, 2.5244541E+001, 3.4926840E+001, 4.1557757E+001, 4.2606432E+001, 4.2024062E+001, 4.1403912E+001, 4.2945212E+001, 4.6051382E+001, 1.8374520E-001, 2.8827927E-001, 3.5878653E-001, 3.5554785E-001, 3.5267907E-001, 3.4857382E-001, 3.5742454E-001, 3.7186545E-001, 3.2900160E-001
 1.6500872E+002, 7.5989150E+001, 2.5524443E+001, 3.5118522E+001, 4.1791323E+001, 4.2546447E+001, 4.2257827E+001, 4.1813055E+001, 4.3388217E+001, 4.6130850E+001, 1.8068535E-001, 2.9700632E-001, 3.5297136E-001, 3.4326993E-001, 3.4821646E-001, 3.5618610E-001, 3.5954855E-001, 3.6082297E-001, 3.3238852E-001
 1.6600043E+002, 7.6235561E+001, 2.5848843E+001, 3.5333664E+001, 4.1509599E+001, 4.2158452E+001, 4.2120987E+001, 4.1987262E+001, 4.3550928E+001, 4.6153139E+001, 1.8189890E-001, 2.9409928E-001, 3.4127105E-001, 3.3897346E-001, 3.4345702E-001, 3.4292273E-001, 3.5589937E-001, 3.7106012E-001, 3.3721795E-001
 1.6701269E+002, 7.7554623E+001, 2.6132601E+001, 3.5465188E+001, 4.0991258E+001, 4.1574424E+001, 4.1858157E+001, 4.1967632E+001, 4.3508677E+001, 4.6046225E+001, 1.8827575E-001, 2.8619109E-001, 3.2606504E-001, 3.3546455E-001, 3.4224722E-001, 3.5114093E-001, 3.5598730E-001, 3.6027753E-001, 3.4855990E-001
 1.6800746E+002, 7.6962730E+001, 2.6354220E+001, 3.5478350E+001, 4.0515089E+001, 4.1103737E+001, 4.1608761E+001, 4.2184982E+001, 4.3520061E+001, 4.5944952E+001, 1.9489837E-001, 2.6943767E-001, 3.2380388E-001, 3.3775141E-001, 3.5590295E-001, 3.6334570E-001, 3.6258009E-001, 3.7846639E-001, 3.5321065E-001
 1.6900043E+002, 7.7810281E+001, 2.6550062E+001, 3.5480344E+001, 4.0119317E+001, 4.0926673E+001, 4.1862695E+001, 4.2491468E+001, 4.3853785E+001, 4.6592358E+001, 1.9933114E-001, 2.6757322E-001, 3.1691343E-001, 3.4541125E-001, 3.6776537E-001, 3.6472068E-001, 3.7193979E-001, 3.8164451E-001, 3.5804309E-001
 1.7002006E+002, 7.6365025E+001, 2.6726384E+001, 3.5464991E+001, 3.9773595E+001, 4.0850026E+001, 4.1962537E+001, 4.2646357E+001, 4.3958872E+001, 4.6816940E+001, 2.0260421E-001, 2.7495986E-001, 3.2797059E-001, 3.5800780E-001, 3.6344215E-001, 3.6606171E-001, 3.6652720E-001, 3.8183717E-001, 3.5897423E-001
 1.7101177E+002, 7.3316192E+001, 2.6927861E+001, 3.5463279E+001, 3.9635096E+001, 4.0960460E+001, 4.2074750E+001, 4.2714347E+001, 4.3982915E+001, 4.6992327E+001, 2.0538288E-001, 2.9166622E-001, 3.4969226E-001, 3.6943153E-001, 3.6870490E-001, 3.6651432E-001, 3.6939238E-001, 3.8317749E-001, 3.5825144E-001
 1.7202080E+002, 7.3344220E+001, 2.7160614E+001, 3.5490301E+001, 4.0052965E+001, 4.1383575E+001, 4.2399195E+001, 4.2803428E+001, 4.4032219E+001, 4.7155749E+001, 2.0852834E-001, 2.9960210E-001, 3.7654031E-001, 3.7338690E-001, 3.7288816E-001, 3.6844743E-001, 3.6956482E-001, 3.7796468E-001, 3.6231749E-001
 1.7301686E+002, 7.6096032E+001, 2.7373520E+001, 3.5532159E+001, 4.0732635E+001, 4.1784504E+001, 4.2727227E+001, 4.2975928E+001, 4.4063673E+001, 4.6977618E+001, 2.1123697E-001, 3.1019130E-001, 3.7430950E-001, 3.6996013E-001, 3.7371403E-001, 3.7253407E-001, 3.7069725E-001, 3.7477507E-001, 3.6226406E-001
 1.7401199E+002, 7.7016469E+001, 2.7529956E+001, 3.5888418E+001, 4.1095989E+001, 4.2021800E+001, 4.2904784E+001, 4.3184945E+001, 4.4119436E+001, 4.7087357E+001, 2.1164964E-001, 3.1775574E-001, 3.7249427E-001, 3.7450454E-001, 3.7392236E-001, 3.7666149E-001, 3.7489590E-001, 3.8727818E-001, 3.6740964E-001
 1.7500915E+002, 7.4885538E+001, 2.7618038E+001, 3.5916719E+001, 4.1283130E+001, 4.2246549E+001, 4.2924101E+001, 4.3292018E+001, 4.4363503E+001, 4.7660977E+001, 2.1084103E-001, 2.7550803E-001, 3.7925651E-001, 3.8143818E-001, 3.7510663E-001, 3.7714430E-001, 3.8376657E-001, 4.0228536E-001, 3.7002872E-001
 1.7601224E+002, 7.3326183E+001, 2.7649961E+001, 3.5788992E+001, 4.1709599E+001, 4.2562720E+001, 4.2988488E+001, 4.3315901E+001, 4.4469383E+001, 4.8123257E+001, 2.0881293E-001, 2.6475093E-001, 3.8170033E-001, 3.8097834E-001, 3.7966275E-001, 3.7700472E-001, 3.7722349E-001, 3.9727666E-001, 3.7170222E-001
 1.7701333E+002, 7.4319968E+001, 2.7620686E+001, 3.5663361E+001, 4.1970303E+001, 4.2701293E+001, 4.3102403E+001, 4.3332555E+001, 4.4381637E+001, 4.8084215E+001, 2.0238021E-001, 2.6337376E-001, 3.8200365E-001, 3.8082775E-001, 3.8027685E-001, 3.7874524E-001, 3.7573279E-001, 3.8550041E-001, 3.7007866E-001
 1.7800653E+002, 7.4572681E+001, 2.7545201E+001, 3.5641475E+001, 4.2314890E+001, 4.2929850E+001, 4.3129904E+001, 4.3343658E+001, 4.4287325E+001, 4.7972191E+001, 1.9331017E-001, 2.9682024E-001, 3.8985300E-001, 3.8656306E-001, 3.8034265E-001, 3.7839606E-001, 3.7841611E-001, 3.9604517E-001, 3.7337916E-001
 1.7901264E+002, 7.5732475E+001, 2.7451671E+001, 3.6267666E+001, 4.2846844E+001, 4.3173304E+001, 4.3147495E+001, 4.3338765E+001, 4.4396717E+001, 4.7980128E+001, 1.8805912E-001, 3.7216322E-001, 3.8973079E-001, 3.8516052E-001, 3.8152405E-001, 3.7742473E-001, 3.8189778E-001, 4.0439328E-001, 3.7415560E-001
 1.8001607E+002, 7.6843082E+001, 2.7358678E+001, 3.7079947E+001, 4.3112626E+001, 4.3104772E+001, 4.3132791E+001, 4.3339334E+001, 4.4624195E+001, 4.8548980E+001, 1.8878427E-001, 3.4866009E-001, 3.9015812E-001, 3.8297219E-001, 3.8590099E-001, 3.8470592E-001, 3.9118791E-001, 4.1338510E-001, 3.7484825E-001
 1.8100957E+002, 7.7520900E+001, 2.7294731E+001, 3.7472319E+001, 4.3256044E+001, 4.3049178E+001, 4.3156417E+001, 4.3580892E+001, 4.4867771E+001, 4.8993998E+001, 1.9286974E-001, 3.5787804E-001, 3.9251004E-001, 3.8771816E-001, 3.8539145E-001, 3.9065000E-001, 3.9133734E-001, 4.0352280E-001, 3.7626072E-001
 1.8201762E+002, 7.6446374E+001, 2.7310927E+001, 3.7961533E+001, 4.3461460E+001, 4.3278960E+001, 4.3266302E+001, 4.3778105E+001, 4.4947412E+001, 4.8700245E+001, 1.9706745E-001, 3.7634968E-001, 3.9783756E-001, 3.9662153E-001, 3.9153469E-001, 3.8894070E-001, 3.9168858E-001, 3.9622433E-001, 3.7776632E-001
 1.8300490E+002, 7.6627439E+001, 2.7431528E+001, 3.8252112E+001, 4.3872962E+001, 4.3855902E+001, 4.3713627E+001, 4.3838417E+001, 4.5091915E+001, 4.8471540E+001, 1.9915538E-001, 3.6680144E-001, 4.0492878E-001, 4.0441786E-001, 3.9796325E-001, 3.9051174E-001, 4.0016063E-001, 4.1400019E-001, 3.8196957E-001
 1.8400288E+002, 7.8009505E+001, 2.7638471E+001, 3.8568575E+001, 4.4160756E+001, 4.4319214E+001, 4.4215526E+001, 4.4229741E+001, 4.5509591E+001, 4.8886214E+001, 2.0022126E-001, 3.6847119E-001, 4.0270436E-001, 4.0319980E-001, 4.0207922E-001, 3.9960672E-001, 4.0307060E-001, 4.1066305E-001, 3.8431603E-001
 1.8501491E+002, 7.8526618E+001, 2.7855250E+001, 3.8762745E+001, 4.4257225E+001, 4.4556359E+001, 4.4586221E+001, 4.4626587E+001, 4.6153647E+001, 4.9794469E+001, 2.0074322E-001, 3.4757945E-001, 4.0509741E-001, 4.0483940E-001, 4.0427888E-001, 4.0079955E-001, 4.1918138E-001, 4.4110052E-001, 3.8828435E-001
 1.8600690E+002, 7.6669934E+001, 2.8059562E+001, 3.8645953E+001, 4.4270131E+001, 4.4585818E+001, 4.4801217E+001, 4.4833474E+001, 4.6879481E+001, 5.0402751E+001, 2.0023464E-001, 3.1082286E-001, 3.9920204E-001, 3.9769514E-001, 3.9882241E-001, 3.9637813E-001, 4.1289751E-001, 4.2928539E-001, 3.8954603E-001
 1.8700832E+002, 7.6398852E+001, 2.8221907E+001, 3.8373775E+001, 4.3813790E+001, 4.4509279E+001, 4.4901408E+001, 4.4899599E+001, 4.7075394E+001, 5.0268430E+001, 2.0043344E-001, 3.0911031E-001, 3.8702898E-001, 4.0256290E-001, 4.0675405E-001, 4.0316775E-001, 4.0972849E-001, 4.2486398E-001, 3.9060562E-001
 1.8800692E+002, 7.8198360E+001, 2.8328129E+001, 3.8156236E+001, 4.3473196E+001, 4.4678862E+001, 4.5116188E+001, 4.5105072E+001, 4.7126080E+001, 5.0139274E+001, 2.0265016E-001, 3.1439076E-001, 3.9021558E-001, 4.1148772E-001, 4.1116687E-001, 4.1060034E-001, 4.1433095E-001, 4.2601928E-001, 4.0100493E-001
 1.8901015E+002, 7.7072530E+001, 2.8390943E+001, 3.7981527E+001, 4.3214951E+001, 4.4675138E+001, 4.5174287E+001, 4.5257700E+001, 4.7123837E+001, 5.0169338E+001, 2.0525230E-001, 3.1749064E-001, 4.0088608E-001, 4.1326389E-001, 4.1434016E-001, 4.1338573E-001, 4.1277019E-001, 4.2222006E-001, 4.0804475E-001
 1.9001733E+002, 7.6751370E+001, 2.8414268E+001, 3.7845909E+001, 4.3052888E+001, 4.4445474E+001, 4.5358213E+001, 4.5393341E+001, 4.6977848E+001, 5.0214008E+001, 2.0714847E-001, 3.3760052E-001, 4.0256235E-001, 4.1072321E-001, 4.1823761E-001, 4.1594112E-001, 4.1437385E-001, 4.2200945E-001, 4.1595448E-001
 1.9100400E+002, 7.4573048E+001, 2.8417721E+001, 3.7891202E+001, 4.2847923E+001, 4.4214931E+001, 4.5346529E+001, 4.5417394E+001, 4.6806124E+001, 4.9516024E+001, 2.0789812E-001, 3.6877711E-001, 3.9992084E-001, 4.1282775E-001, 4.1894261E-001, 4.1785017E-001, 4.1527082E-001, 4.2076524E-001, 4.1424676E-001
 1.9200636E+002, 7.3629075E+001, 2.8442076E+001, 3.7972613E+001, 4.2810744E+001, 4.4328222E+001, 4.5353745E+001, 4.5329157E+001, 4.6757464E+001, 4.9354217E+001, 2.0817574E-001, 3.7547331E-001, 4.1411596E-001, 4.2028381E-001, 4.1964095E-001, 4.1414918E-001, 4.2094264E-001, 4.2585376E-001, 4.1614251E-001
 1.9300244E+002, 7.6074966E+001, 2.8511729E+001, 3.8124810E+001, 4.3027739E+001, 4.4448276E+001, 4.5302869E+001, 4.5234730E+001, 4.6743863E+001, 4.8928468E+001, 2.0870047E-001, 3.8990130E-001, 4.0960972E-001, 4.0643478E-001, 4.0539845E-001, 4.1342654E-001, 4.1664017E-001, 4.2034541E-001, 4.1363031E-001
 1.9401080E+002, 7.5840715E+001, 2.8639598E+001, 3.8383467E+001, 4.2911976E+001, 4.4319097E+001, 4.5043820E+001, 4.5163452E+001, 4.6738873E+001, 4.8718946E+001, 2.0953788E-001, 3.8171705E-001, 4.0129741E-001, 4.0695210E-001, 4.0572494E-001, 4.0572637E-001, 4.1878830E-001, 4.2375673E-001, 4.1469594E-001
 1.9500150E+002, 7.5289660E+001, 2.8809810E+001, 3.8402974E+001, 4.3067378E+001, 4.4367542E+001, 4.5056155E+001, 4.5156475E+001, 4.6881299E+001, 4.8859693E+001, 2.1228081E-001, 3.6587854E-001, 4.2220527E-001, 4.2155827E-001, 4.1787852E-001, 4.1198172E-001, 4.1752605E-001, 4.3616921E-001, 4.1608872E-001
 1.9601242E+002, 7.5297165E+001, 2.9011906E+001, 3.8309852E+001, 4.3399251E+001, 4.4461262E+001, 4.4996681E+001, 4.5131377E+001, 4.6978743E+001, 4.9192387E+001, 2.2105856E-001, 3.6155291E-001, 4.2461876E-001, 4.2377526E-001, 4.1675757E-001, 4.1162185E-001, 4.2546455E-001, 4.3814289E-001, 4.1900975E-001
 1.9701142E+002, 7.6475355E+001, 2.9204252E+001, 3.8389278E+001, 4.3661629E+001, 4.4536993E+001, 4.4981283E+001, 4.5033197E+001, 4.7156263E+001, 4.9675538E+001, 2.2906295E-001, 3.9089967E-001, 4.2518899E-001, 4.2054025E-001, 4.2067585E-001, 4.1077774E-001, 4.2840362E-001, 4.4274626E-001, 4.1657148E-001
 1.9800883E+002, 7.6592204E+001, 2.9341043E+001, 3.9171955E+001, 4.3885504E+001, 4.4541663E+001, 4.4990516E+001, 4.5028554E+001, 4.7192621E+001, 4.9794679E+001, 2.3303942E-001, 4.2671038E-001, 4.2388337E-001, 4.2059134E-001, 4.1854322E-001, 4.2012029E-001, 4.2239954E-001, 4.3208173E-001, 4.1892821E-001
 1.9900186E+002, 7.6035155E+001, 2.9448401E+001, 4.0184423E+001, 4.4033206E+001, 4.4697682E+001, 4.5063896E+001, 4.5217061E+001, 4.7235863E+001, 4.9719266E+001, 2.3509194E-001, 4.2890031E-001, 4.1573361E-001, 4.2081160E-001, 4.2259575E-001, 4.2556798E-001, 4.3189077E-001, 4.3848892E-001, 4.2038638E-001
 2.0000835E+002, 7.7327506E+001, 2.9546521E+001, 4.0902443E+001, 4.4231460E+001, 4.4857568E+001, 4.5293787E+001, 4.5468449E+001, 4.7910787E+001, 4.9944136E+001, 2.3764835E-001, 4.2900033E-001, 4.3039865E-001, 4.2877856E-001, 4.3179563E-001, 4.2905061E-001, 4.4447060E-001, 4.4393495E-001, 4.2485122E-001
 2.0100983E+002, 7.5921989E+001, 2.9612263E+001, 4.1427803E+001, 4.4667638E+001, 4.5146242E+001, 4.5539260E+001, 4.5807878E+001, 4.8456144E+001, 5.0377016E+001, 2.4276207E-001, 4.3382043E-001, 4.3851480E-001, 4.3674799E-001, 4.2807017E-001, 4.3095630E-001, 4.3973019E-001, 4.4791842E-001, 4.2410218E-001
 2.0201588E+002, 7.5034646E+001, 2.9628248E+001, 4.2214041E+001, 4.5002198E+001, 4.5498446E+001, 4.5623482E+001, 4.6154890E+001, 4.8670566E+001, 5.1032813E+001, 2.4520500E-001, 4.3943440E-001, 4.3691321E-001, 4.3600742E-001, 4.2537232E-001, 4.3132675E-001, 4.3808196E-001, 4.4874979E-001, 4.2683797E-001
 2.0301870E+002, 7.6211715E+001, 2.9593674E+001, 4.2681154E+001, 4.5057523E+001, 4.5668482E+001, 4.5672334E+001, 4.6309576E+001, 4.8735080E+001, 5.1091164E+001, 2.4427584E-001, 4.2864368E-001, 4.3516426E-001, 4.3675125E-001, 4.3504457E-001, 4.3175619E-001, 4.3822539E-001, 4.5043247E-001, 4.3017531E-001
 2.0400319E+002, 7.6613672E+001, 2.9566019E+001, 4.2314960E+001, 4.5065042E+001, 4.5661241E+001, 4.5739147E+001, 4.6270086E+001, 4.8736144E+001, 5.1023934E+001, 2.4237129E-001, 3.8050401E-001, 4.3781655E-001, 4.3855313E-001, 4.3644896E-001, 4.3477542E-001, 4.4189618E-001, 4.5642156E-001, 4.3414889E-001
 2.0500597E+002, 7.6501468E+001, 2.9581669E+001, 4.1625375E+001, 4.5229923E+001, 4.5923116E+001, 4.5801018E+001, 4.6266275E+001, 4.8731441E+001, 5.1490668E+001, 2.4212586E-001, 3.7264836E-001, 4.4308371E-001, 4.4316827E-001, 4.3968709E-001, 4.3783330E-001, 4.4231703E-001, 4.5725089E-001, 4.3532303E-001
 2.0600323E+002, 7.5849650E+001, 2.9652493E+001, 4.1289288E+001, 4.5564442E+001, 4.6144706E+001, 4.6155370E+001, 4.6594062E+001, 4.8674183E+001, 5.1315641E+001, 2.4381686E-001, 4.1765001E-001, 4.4774483E-001, 4.4540725E-001, 4.4561046E-001, 4.4800368E-001, 4.4467556E-001, 4.5672668E-001, 4.3862595E-001
 2.0701545E+002, 8.0294304E+001, 2.9798503E+001, 4.1455206E+001, 4.5721682E+001, 4.6270018E+001, 4.6403417E+001, 4.6834692E+001, 4.8632029E+001, 5.1085358E+001, 2.4406136E-001, 4.3020834E-001, 4.4840117E-001, 4.4910769E-001, 4.4679912E-001, 4.4836977E-001, 4.4674765E-001, 4.5347131E-001, 4.4111078E-001
 2.0801984E+002, 8.0056094E+001, 3.0043153E+001, 4.1274191E+001, 4.5942230E+001, 4.6550440E+001, 4.6601776E+001, 4.7162491E+001, 4.8560644E+001, 5.1149680E+001, 2.3936883E-001, 4.1749271E-001, 4.5876625E-001, 4.5772154E-001, 4.5213435E-001, 4.5827215E-001, 4.5261058E-001, 4.6817728E-001, 4.4977460E-001
 2.0901783E+002, 7.9597535E+001, 3.0353773E+001, 4.1238318E+001, 4.6429206E+001, 4.6950552E+001, 4.6940180E+001, 4.7571524E+001, 4.8666368E+001, 5.1197642E+001, 2.3306140E-001, 4.4040596E-001, 4.6049876E-001, 4.5934251E-001, 4.5584868E-001, 4.5513608E-001, 4.5662588E-001, 4.5841395E-001, 4.5105090E-001
 2.1000335E+002, 7.9415447E+001, 3.0657032E+001, 4.1627772E+001, 4.6635602E+001, 4.7141572E+001, 4.7096814E+001, 4.7716996E+001, 4.8751819E+001, 5.1206011E+001, 2.3035403E-001, 4.5496268E-001, 4.6001562E-001, 4.5831526E-001, 4.5770929E-001, 4.5478276E-001, 4.6109306E-001, 4.7127705E-001, 4.5354033E-001
 2.1100732E+002, 8.0015309E+001, 3.0913578E+001, 4.2069132E+001, 4.6668248E+001, 4.7243119E+001, 4.7290321E+001, 4.7698799E+001, 4.8876894E+001, 5.1037766E+001, 2.3033933E-001, 4.5522417E-001, 4.6468993E-001, 4.6719083E-001, 4.6697385E-001, 4.5719107E-001, 4.5834259E-001, 4.6437398E-001, 4.5528680E-001
 2.1200615E+002, 8.0096532E+001, 3.1100370E+001, 4.2433640E+001, 4.6880714E+001, 4.7487391E+001, 4.7477470E+001, 4.7735323E+001, 4.8961028E+001, 5.0993510E+001, 2.3108573E-001, 4.6006514E-001, 4.6260362E-001, 4.6281349E-001, 4.6164367E-001, 4.5855653E-001, 4.6610989E-001, 4.7601570E-001, 4.5312149E-001
 2.1301866E+002, 8.0371722E+001, 3.1198706E+001, 4.2889496E+001, 4.6496429E+001, 4.7137933E+001, 4.7223981E+001, 4.7541803E+001, 4.8963467E+001, 5.0699723E+001, 2.3164106E-001, 4.5666062E-001, 4.5552700E-001, 4.5646616E-001, 4.5028288E-001, 4.5362645E-001, 4.6092736E-001, 4.7292481E-001, 4.5607160E-001
 2.1400164E+002, 7.9473420E+001, 3.1203868E+001, 4.2886796E+001, 4.6277280E+001, 4.6958727E+001, 4.6857947E+001, 4.7225924E+001, 4.9132918E+001, 5.1324555E+001, 2.3268925E-001, 4.2252325E-001, 4.6732161E-001, 4.6616686E-001, 4.5338445E-001, 4.4943173E-001, 4.7070697E-001, 4.7835484E-001, 4.6473576E-001
 2.1501646E+002, 8.1001206E+001, 3.1143557E+001, 4.2444020E+001, 4.6507315E+001, 4.7052621E+001, 4.6828529E+001, 4.7008400E+001, 4.9303532E+001, 5.1405912E+001, 2.3342120E-001, 4.1016897E-001, 4.6866059E-001, 4.6541324E-001, 4.6033289E-001, 4.5029586E-001, 4.7223349E-001, 4.7903562E-001, 4.6957357E-001
 2.1600386E+002, 8.0883394E+001, 3.1050048E+001, 4.2614068E+001, 4.6583971E+001, 4.7055593E+001, 4.6936518E+001, 4.7005967E+001, 4.9806305E+001, 5.1805377E+001, 2.3371017E-001, 4.5750650E-001, 4.6935786E-001, 4.6663624E-001, 4.6655938E-001, 4.6187551E-001, 4.7935780E-001, 4.8336407E-001, 4.6943040E-001
 2.1700238E+002, 8.0216929E+001, 3.0974175E+001, 4.2900062E+001, 4.6542457E+001, 4.6997103E+001, 4.7003800E+001, 4.7106946E+001, 4.9941345E+001, 5.1934531E+001, 2.3601562E-001, 4.3206140E-001, 4.6928152E-001, 4.7341121E-001, 4.7416042E-001, 4.7435168E-001, 4.7390322E-001, 4.9050202E-001, 4.7002273E-001
 2.1800969E+002, 7.9602781E+001, 3.0936900E+001, 4.2569724E+001, 4.6342247E+001, 4.6818141E+001, 4.7176812E+001, 4.7329647E+001, 4.9837855E+001, 5.2048046E+001, 2.3917797E-001, 3.8832871E-001, 4.6559586E-001, 4.6537855E-001, 4.7414193E-001, 4.7724405E-001, 4.7530301E-001, 4.8396663E-001, 4.7547697E-001
 2.1900991E+002, 7.8421524E+001, 3.0936842E+001, 4.2103715E+001, 4.6250919E+001, 4.6755048E+001, 4.7335402E+001, 4.7519020E+001, 4.9674352E+001, 5.1943989E+001, 2.4179769E-001, 3.9675042E-001, 4.7183313E-001, 4.7407660E-001, 4.7544571E-001, 4.7752407E-001, 4.7426342E-001, 4.8577185E-001, 4.7797314E-001
 2.2001742E+002, 7.9900378E+001, 3.0965807E+001, 4.2085855E+001, 4.6182074E+001, 4.6887856E+001, 4.7527268E+001, 4.7772378E+001, 4.9545548E+001, 5.1888834E+001, 2.4431765E-001, 4.5077591E-001, 4.7388577E-001, 4.7917800E-001, 4.8093394E-001, 4.7842198E-001, 4.7589881E-001, 4.8357099E-001, 4.7808604E-001
 2.2100436E+002, 8.3166924E+001, 3.1016088E+001, 4.2421092E+001, 4.6176791E+001, 4.7021591E+001, 4.7768586E+001, 4.7844726E+001, 4.9414585E+001, 5.1590946E+001, 2.4719498E-001, 4.6324725E-001, 4.8082570E-001, 4.8457111E-001, 4.8452794E-001, 4.7381445E-001, 4.7482950E-001, 4.8081001E-001, 4.7769418E-001
 2.2200188E+002, 8.4392364E+001, 3.1118697E+001, 4.2826000E+001, 4.6299476E+001, 4.7237077E+001, 4.7870365E+001, 4.7775096E+001, 4.9394290E+001, 5.1898988E+001, 2.5092966E-001, 4.7110434E-001, 4.8368814E-001, 4.8377971E-001, 4.7988034E-001, 4.6969623E-001, 4.8375733E-001, 5.0123505E-001, 4.7560825E-001
 2.2300632E+002, 8.5841188E+001, 3.1303288E+001, 4.3130931E+001, 4.6409671E+001, 4.7323004E+001, 4.7852955E+001, 4.7688749E+001, 4.9594588E+001, 5.2187761E+001, 2.5679278E-001, 4.5311640E-001, 4.8464569E-001, 4.8269923E-001, 4.8178633E-001, 4.7364407E-001, 4.8232424E-001, 4.9166222E-001, 4.7605344E-001
 2.2401352E+002, 8.7030152E+001, 3.1536536E+001, 4.3247301E+001, 4.6469420E+001, 4.7293380E+001, 4.7848815E+001, 4.7625791E+001, 4.9554642E+001, 5.1938013E+001, 2.6218506E-001, 4.5979799E-001, 4.8145754E-001, 4.7921452E-001, 4.8241055E-001, 4.8090474E-001, 4.7874203E-001, 4.9719445E-001, 4.7264949E-001
 2.2501854E+002, 8.5306258E+001, 3.1785285E+001, 4.3415788E+001, 4.6291925E+001, 4.6992504E+001, 4.7781162E+001, 4.7577811E+001, 4.9610106E+001, 5.2239077E+001, 2.6344396E-001, 4.5884280E-001, 4.7804401E-001, 4.7161448E-001, 4.7655379E-001, 4.7930886E-001, 4.8967828E-001, 5.0909483E-001, 4.6990708E-001
 2.2601518E+002, 8.3926059E+001, 3.1971647E+001, 4.3348573E+001, 4.5950390E+001, 4.6653104E+001, 4.7427273E+001, 4.7466743E+001, 4.9560968E+001, 5.2479234E+001, 2.6019648E-001, 4.4702175E-001, 4.6631659E-001, 4.7930346E-001, 4.6758477E-001, 4.7269657E-001, 4.8230966E-001, 5.0248960E-001, 4.7555552E-001
 2.2700761E+002, 8.2430683E+001, 3.2026078E+001, 4.3154783E+001, 4.5692413E+001, 4.6462011E+001, 4.7111194E+001, 4.7318813E+001, 4.9479987E+001, 5.1954074E+001, 2.5985676E-001, 4.5048873E-001, 4.7427889E-001, 4.8037495E-001, 4.8022028E-001, 4.7440983E-001, 4.8757730E-001, 4.9879407E-001, 4.8188004E-001
 2.2801378E+002, 8.1109848E+001, 3.1969787E+001, 4.2840785E+001, 4.5606591E+001, 4.6446582E+001, 4.7084851E+001, 4.7397078E+001, 4.9672550E+001, 5.2125072E+001, 2.6452285E-001, 4.3820050E-001, 4.7510866E-001, 4.8986387E-001, 4.9095746E-001, 4.8458634E-001, 5.0050313E-001, 5.0426958E-001, 4.8733355E-001
 2.2900885E+002, 8.1812161E+001, 3.1903170E+001, 4.2415185E+001, 4.5763518E+001, 4.6748023E+001, 4.7395681E+001, 4.7546566E+001, 5.0003872E+001, 5.2624507E+001, 2.6808101E-001, 4.2630724E-001, 4.9536699E-001, 5.0045445E-001, 4.9655651E-001, 4.8813440E-001, 5.0006123E-001, 5.1973121E-001, 4.8793373E-001
 2.3000342E+002, 8.3563097E+001, 3.1891839E+001, 4.2059477E+001, 4.6184921E+001, 4.7067306E+001, 4.7504183E+001, 4.7652981E+001, 5.0080882E+001, 5.2881719E+001, 2.6962012E-001, 4.4123543E-001, 5.0083151E-001, 4.9875222E-001, 4.8818950E-001, 4.9047509E-001, 4.9719157E-001, 5.1018843E-001, 4.9151860E-001
 2.3100253E+002, 8.5530377E+001, 3.1985280E+001, 4.2284570E+001, 4.6401942E+001, 4.7094085E+001, 4.7424898E+001, 4.7574631E+001, 4.9963874E+001, 5.2774149E+001, 2.7664201E-001, 4.8489199E-001, 5.0015307E-001, 4.9066005E-001, 4.8835155E-001, 4.8537785E-001, 4.9979106E-001, 5.0955639E-001, 4.9800554E-001
 2.3201872E+002, 8.5342338E+001, 3.2171277E+001, 4.2566049E+001, 4.6446644E+001, 4.7017519E+001, 4.7413762E+001, 4.7485487E+001, 5.0070452E+001, 5.3816088E+001, 2.8318668E-001, 4.7052049E-001, 4.9825329E-001, 4.9664725E-001, 5.0226287E-001, 4.9046379E-001, 5.0854911E-001, 5.2520785E-001, 5.0351403E-001
 2.3300552E+002, 8.3331439E+001, 3.2368114E+001, 4.2633458E+001, 4.6530869E+001, 4.7395774E+001, 4.7855973E+001, 4.7667146E+001, 5.0456546E+001, 5.3686433E+001, 2.8226166E-001, 4.7204614E-001, 5.0745692E-001, 5.1276530E-001, 5.1312292E-001, 5.0699802E-001, 5.0697098E-001, 5.1261331E-001, 5.0492472E-001
 2.3400110E+002, 8.5351899E+001, 3.2531047E+001, 4.2522968E+001, 4.7029691E+001, 4.7916362E+001, 4.8372902E+001, 4.8057886E+001, 5.0504736E+001, 5.3573771E+001, 2.7962905E-001, 4.8156078E-001, 5.1523628E-001, 5.1586823E-001, 5.1588023E-001, 5.1163451E-001, 5.0268588E-001, 5.1647465E-001, 5.0759139E-001
 2.3501328E+002, 8.5261152E+001, 3.2628997E+001, 4.2570789E+001, 4.7592233E+001, 4.8468433E+001, 4.8928795E+001, 4.8576229E+001, 5.0843852E+001, 5.3981368E+001, 2.7601780E-001, 4.7183048E-001, 5.1882791E-001, 5.1809315E-001, 5.1699510E-001, 5.1704709E-001, 5.1441051E-001, 5.2291607E-001, 5.0878740E-001
 2.3601815E+002, 8.4291205E+001, 3.2663277E+001, 4.2328214E+001, 4.8126775E+001, 4.8824281E+001, 4.9295690E+001, 4.9152796E+001, 5.1198878E+001, 5.4258302E+001, 2.7199682E-001, 4.4711336E-001, 5.2109918E-001, 5.1591202E-001, 5.1686772E-001, 5.1868082E-001, 5.1569923E-001, 5.2940212E-001, 5.0840822E-001
 2.3700269E+002, 8.3396208E+001, 3.2651486E+001, 4.2463219E+001, 4.8411526E+001, 4.8917110E+001, 4.9408399E+001, 4.9429198E+001, 5.1291123E+001, 5.4614130E+001, 2.7058355E-001, 4.9749682E-001, 5.1982247E-001, 5.1607798E-001, 5.1691737E-001, 5.1808893E-001, 5.1764358E-001, 5.3639469E-001, 5.0701530E-001
 2.3801504E+002, 8.3157026E+001, 3.2613393E+001, 4.2795447E+001, 4.8396378E+001, 4.8864539E+001, 4.9420851E+001, 4.9584117E+001, 5.1250416E+001, 5.4791690E+001, 2.7165006E-001, 4.7496745E-001, 5.1952450E-001, 5.1645640E-001, 5.1817805E-001, 5.1933180E-001, 5.1970596E-001, 5.2877389E-001, 5.1045383E-001
 2.3901527E+002, 8.1799715E+001, 3.2561793E+001, 4.2499875E+001, 4.8256439E+001, 4.8776634E+001, 4.9559709E+001, 4.9909031E+001, 5.1191197E+001, 5.4229874E+001, 2.7380312E-001, 4.6844118E-001, 5.2094673E-001, 5.2114422E-001, 5.1964758E-001, 5.2032218E-001, 5.1846531E-001, 5.2114119E-001, 5.1184975E-001
 2.4002170E+002, 8.0498164E+001, 3.2508815E+001, 4.2364976E+001, 4.8134810E+001, 4.8667358E+001, 4.9577524E+001, 5.0079542E+001, 5.1066246E+001, 5.3484620E+001, 2.7754887E-001, 4.8421929E-001, 5.2508360E-001, 5.2484668E-001, 5.2304806E-001, 5.1973023E-001, 5.1859766E-001, 5.2486046E-001, 5.1336479E-001
 2.4101887E+002, 7.9670165E+001, 3.2493110E+001, 4.2358741E+001, 4.8352632E+001, 4.8798082E+001, 4.9489933E+001, 5.0099919E+001, 5.1018992E+001, 5.3099280E+001, 2.8888149E-001, 4.8686823E-001, 5.2831274E-001, 5.2746745E-001, 5.2549734E-001, 5.2214356E-001, 5.2158100E-001, 5.2296204E-001, 5.1445534E-001
 2.4200240E+002, 7.8058931E+001, 3.2592883E+001, 4.2153618E+001, 4.8671222E+001, 4.9072945E+001, 4.9603945E+001, 5.0121220E+001, 5.0934661E+001, 5.2684879E+001, 3.1455852E-001, 4.7081133E-001, 5.2897165E-001, 5.2634584E-001, 5.2546935E-001, 5.2450071E-001, 5.2223412E-001, 5.3496310E-001, 5.1856637E-001
 2.4300009E+002, 7.8990125E+001, 3.2838155E+001, 4.2030069E+001, 4.8888818E+001, 4.9267625E+001, 4.9737435E+001, 5.0124882E+001, 5.0897962E+001, 5.2791140E+001, 3.5187775E-001, 4.8320743E-001, 5.3036205E-001, 5.2789966E-001, 5.2260906E-001, 5.2281876E-001, 5.2683824E-001, 5.3343805E-001, 5.1978086E-001
 2.4400724E+002, 8.2106839E+001, 3.3168193E+001, 4.2193966E+001, 4.8804015E+001, 4.9268021E+001, 4.9689026E+001, 5.0017262E+001, 5.1072035E+001, 5.3116008E+001, 3.8712691E-001, 5.0377576E-001, 5.2705716E-001, 5.1965507E-001, 5.1368397E-001, 5.1724428E-001, 5.3485785E-001, 5.4208536E-001, 5.2363191E-001
 2.4500399E+002, 8.4712884E+001, 3.3501536E+001, 4.2630872E+001, 4.8788318E+001, 4.9280666E+001, 4.9512343E+001, 4.9762856E+001, 5.1696255E+001, 5.3639294E+001, 4.0878243E-001, 5.2274672E-001, 5.3304978E-001, 5.3505193E-001, 5.2861115E-001, 5.1832252E-001, 5.3570796E-001, 5.4051660E-001, 5.2670580E-001
 2.4600958E+002, 8.6584372E+001, 3.3752556E+001, 4.3116176E+001, 4.8814332E+001, 4.9418608E+001, 4.9714006E+001, 4.9571323E+001, 5.1959855E+001, 5.3678255E+001, 4.0492493E-001, 5.1880183E-001, 5.3411172E-001, 5.3172144E-001, 5.3634057E-001, 5.2438580E-001, 5.3528634E-001, 5.4596400E-001, 5.2674215E-001
 2.4700973E+002, 8.4842322E+001, 3.3845057E+001, 4.3315990E+001, 4.8946821E+001, 4.9464189E+001, 4.9982791E+001, 4.9467199E+001, 5.2094487E+001, 5.4044652E+001, 3.7362560E-001, 5.1714225E-001, 5.3977214E-001, 5.3696675E-001, 5.3675795E-001, 5.2708999E-001, 5.3495546E-001, 5.6213746E-001, 5.2193770E-001
 2.4801088E+002, 8.2799872E+001, 3.3814877E+001, 4.3836956E+001, 4.9256759E+001, 4.9633848E+001, 5.0158042E+001, 4.9497719E+001, 5.2058615E+001, 5.4950401E+001, 3.4941640E-001, 5.3630915E-001, 5.4172627E-001, 5.3995850E-001, 5.3907328E-001, 5.3452988E-001, 5.3570085E-001, 5.7184943E-001, 5.2398449E-001
 2.4900402E+002, 8.5142310E+001, 3.3748789E+001, 4.4653894E+001, 4.9378617E+001, 4.9790004E+001, 5.0236909E+001, 4.9733486E+001, 5.1933280E+001, 5.5095184E+001, 3.4950116E-001, 5.4047294E-001, 5.3972871E-001, 5.4012347E-001, 5.3714125E-001, 5.3835192E-001, 5.3721714E-001, 5.5096162E-001, 5.3240794E-001
 2.5000742E+002, 8.5015580E+001, 3.3717753E+001, 4.5058575E+001, 4.9410165E+001, 4.9933674E+001, 5.0323272E+001, 4.9886507E+001, 5.1844762E+001, 5.5100380E+001, 3.4945746E-001, 5.2683572E-001, 5.4154580E-001, 5.4932520E-001, 5.4633436E-001, 5.3818108E-001, 5.4004169E-001, 5.5437170E-001, 5.3816254E-001
 2.5101341E+002, 8.5944498E+001, 3.3703894E+001, 4.4968094E+001, 4.9331526E+001, 5.0219266E+001, 5.0546699E+001, 4.9933453E+001, 5.1802313E+001, 5.5181850E+001, 3.3778893E-001, 5.1771938E-001, 5.4457316E-001, 5.5592125E-001, 5.5331029E-001, 5.4106175E-001, 5.3839426E-001, 5.5052364E-001, 5.4231646E-001
 2.5200093E+002, 8.7876252E+001, 3.3663337E+001, 4.4775506E+001, 4.9283204E+001, 5.0413050E+001, 5.0776208E+001, 4.9978615E+001, 5.1720055E+001, 5.5344299E+001, 3.4032292E-001, 5.2864970E-001, 5.5216849E-001, 5.5616178E-001, 5.5635071E-001, 5.4865313E-001, 5.4350386E-001, 5.5695655E-001, 5.4823772E-001
 2.5301547E+002, 8.9283793E+001, 3.3574797E+001, 4.4805749E+001, 4.9378986E+001, 5.0505535E+001, 5.0695620E+001, 5.0042003E+001, 5.1708122E+001, 5.5596155E+001, 3.5314672E-001, 5.4191065E-001, 5.5525949E-001, 5.5868370E-001, 5.5165021E-001, 5.5014866E-001, 5.4572733E-001, 5.6698097E-001, 5.5164227E-001
 2.5400392E+002, 8.8564145E+001, 3.3450461E+001, 4.4944635E+001, 4.9357296E+001, 5.0541769E+001, 5.0662642E+001, 5.0040824E+001, 5.1685712E+001, 5.6050501E+001, 3.6582255E-001, 5.4411236E-001, 5.5851539E-001, 5.5788807E-001, 5.5732547E-001, 5.5295472E-001, 5.5163349E-001, 5.6529030E-001, 5.4988239E-001
 2.5501085E+002, 8.7047968E+001, 3.3329272E+001, 4.4999170E+001, 4.9415873E+001, 5.0564418E+001, 5.0759016E+001, 5.0199170E+001, 5.1589839E+001, 5.5524655E+001, 3.7568338E-001, 5.4860350E-001, 5.6132314E-001, 5.6148170E-001, 5.5996961E-001, 5.5798534E-001, 5.5140767E-001, 5.6007383E-001, 5.4447600E-001
 2.5600404E+002, 8.4443577E+001, 3.3288716E+001, 4.5131469E+001, 4.9322670E+001, 5.0643129E+001, 5.0847417E+001, 5.0355747E+001, 5.1461184E+001, 5.4816189E+001, 3.8177660E-001, 5.5129305E-001, 5.6030739E-001, 5.6179909E-001, 5.5829485E-001, 5.5775836E-001, 5.5537822E-001, 5.6566608E-001, 5.4971555E-001
 2.5701472E+002, 8.3588640E+001, 3.3346844E+001, 4.5289551E+001, 4.9540811E+001, 5.0850234E+001, 5.0893013E+001, 5.0447301E+001, 5.1407846E+001, 5.4425589E+001, 3.8711137E-001, 5.5384591E-001, 5.6838761E-001, 5.6394789E-001, 5.5806754E-001, 5.5703550E-001, 5.6110455E-001, 5.6392161E-001, 5.5238902E-001
 2.5800572E+002, 8.4840489E+001, 3.3455565E+001, 4.5261477E+001, 4.9999355E+001, 5.1089023E+001, 5.0964269E+001, 5.0528071E+001, 5.1456679E+001, 5.4282342E+001, 3.8916809E-001, 5.5304218E-001, 5.7269127E-001, 5.6920298E-001, 5.6284402E-001, 5.5793591E-001, 5.5971002E-001, 5.6216779E-001, 5.5558841E-001
 2.5900921E+002, 8.6623335E+001, 3.3565233E+001, 4.5219162E+001, 5.0194649E+001, 5.1242988E+001, 5.1089444E+001, 5.0629581E+001, 5.1415989E+001, 5.4300519E+001, 3.8502322E-001, 5.5435094E-001, 5.7346662E-001, 5.6858656E-001, 5.6315374E-001, 5.5944589E-001, 5.6120769E-001, 5.7693590E-001, 5.6022044E-001
 2.6000133E+002, 8.8299584E+001, 3.3641499E+001, 4.5216834E+001, 5.0319021E+001, 5.1199703E+001, 5.1109608E+001, 5.0649264E+001, 5.1510754E+001, 5.4724021E+001, 3.7584298E-001, 5.5159989E-001, 5.7419862E-001, 5.6916572E-001, 5.6492418E-001, 5.5796282E-001, 5.6413947E-001, 5.8071634E-001, 5.6341364E-001
 2.6100520E+002, 8.8068747E+001, 3.3670448E+001, 4.5105760E+001, 5.0289990E+001, 5.0978682E+001, 5.0916598E+001, 5.0602434E+001, 5.1681188E+001, 5.4778207E+001, 3.6706706E-001, 5.4001073E-001, 5.7400699E-001, 5.7177805E-001, 5.6550092E-001, 5.6318580E-001, 5.7349001E-001, 5.8229186E-001, 5.6626971E-001
 2.6201365E+002, 8.7227341E+001, 3.3692660E+001, 4.4885474E+001, 4.9986198E+001, 5.0700247E+001, 5.0639549E+001, 5.0426340E+001, 5.1912333E+001, 5.5280711E+001, 3.6640845E-001, 5.3431780E-001, 5.7178625E-001, 5.7262213E-001, 5.7074284E-001, 5.6422405E-001, 5.7253411E-001, 5.9326569E-001, 5.6477080E-001
 2.6301654E+002, 8.6274721E+001, 3.3800572E+001, 4.4725238E+001, 4.9780544E+001, 5.0443718E+001, 5.0441843E+001, 5.0165759E+001, 5.1698288E+001, 5.5283178E+001, 3.7680279E-001, 5.4259895E-001, 5.7437010E-001, 5.7391231E-001, 5.7289296E-001, 5.6612855E-001, 5.6569019E-001, 5.7633755E-001, 5.6420049E-001
 2.6401425E+002, 8.7016053E+001, 3.4049848E+001, 4.4736851E+001, 4.9827779E+001, 5.0387754E+001, 5.0409698E+001, 5.0014774E+001, 5.1333862E+001, 5.4511690E+001, 4.0874320E-001, 5.4664415E-001, 5.7798277E-001, 5.7979359E-001, 5.7697542E-001, 5.6846682E-001, 5.6623172E-001, 5.7732170E-001, 5.6417002E-001
 2.6501154E+002, 8.8017260E+001, 3.4405129E+001, 4.4792123E+001, 4.9895147E+001, 5.0267326E+001, 5.0411742E+001, 4.9988260E+001, 5.1146857E+001, 5.4328978E+001, 4.4679885E-001, 5.5994756E-001, 5.8456382E-001, 5.8229176E-001, 5.8117087E-001, 5.7272416E-001, 5.7199782E-001, 5.7958580E-001, 5.6554256E-001
 2.6600049E+002, 8.7481650E+001, 3.4748276E+001, 4.4933537E+001, 5.0014438E+001, 5.0251780E+001, 5.0592486E+001, 5.0110572E+001, 5.1104985E+001, 5.3971303E+001, 4.5461173E-001, 5.7033087E-001, 5.8550513E-001, 5.8486499E-001, 5.8578387E-001, 5.8169774E-001, 5.7602635E-001, 5.8913705E-001, 5.7373279E-001
 2.6700109E+002, 8.5924902E+001, 3.5004972E+001, 4.5102375E+001, 5.0110202E+001, 5.0328707E+001, 5.0755233E+001, 5.0313684E+001, 5.1275951E+001, 5.4252793E+001, 4.3340812E-001, 5.7325310E-001, 5.8635672E-001, 5.8582125E-001, 5.8259650E-001, 5.7809857E-001, 5.8198167E-001, 5.8639524E-001, 5.7398373E-001
 2.6800895E+002, 8.4802922E+001, 3.5097958E+001, 4.5338702E+001, 5.0144365E+001, 5.0423121E+001, 5.0848073E+001, 5.0460837E+001, 5.1517931E+001, 5.4073629E+001, 4.1219996E-001, 5.7425384E-001, 5.8598938E-001, 5.8553783E-001, 5.8325207E-001, 5.8099497E-001, 5.7980986E-001, 5.8203406E-001, 5.7651514E-001
 2.6900879E+002, 8.4307904E+001, 3.4997487E+001, 4.5499513E+001, 5.0404270E+001, 5.0698675E+001, 5.1002541E+001, 5.0525548E+001, 5.1824457E+001, 5.4139701E+001, 4.0564263E-001, 5.7136517E-001, 5.9633503E-001, 5.9313520E-001, 5.9130313E-001, 5.8062219E-001, 5.8048047E-001, 5.8088127E-001, 5.8000834E-001
 2.7001676E+002, 8.5259416E+001, 3.4721761E+001, 4.5757895E+001, 5.0768102E+001, 5.0974904E+001, 5.1300313E+001, 5.0716085E+001, 5.2088555E+001, 5.4201636E+001, 4.0214967E-001, 5.7844324E-001, 5.9548635E-001, 5.9109425E-001, 5.8967050E-001, 5.8648652E-001, 5.8660341E-001, 5.8890723E-001, 5.8171211E-001
 2.7100826E+002, 8.4074397E+001, 3.4448585E+001, 4.6144849E+001, 5.0981868E+001, 5.1174716E+001, 5.1563349E+001, 5.1100548E+001, 5.2937566E+001, 5.5610579E+001, 4.0793844E-001, 5.8239533E-001, 5.9383019E-001, 5.9424133E-001, 5.9558279E-001, 5.9469835E-001, 6.0619927E-001, 6.2245328E-001, 5.8147096E-001
 2.7200277E+002, 8.3842562E+001, 3.4349522E+001, 4.6285786E+001, 5.1119389E+001, 5.1433828E+001, 5.1800111E+001, 5.1435720E+001, 5.4019255E+001, 5.6107428E+001, 4.3211495E-001, 5.8072861E-001, 5.9513792E-001, 5.9713870E-001, 5.9815726E-001, 5.9743046E-001, 6.0816647E-001, 6.0518325E-001, 5.8523387E-001
 2.7300104E+002, 8.7381899E+001, 3.4455625E+001, 4.6849950E+001, 5.1008630E+001, 5.1437944E+001, 5.1874303E+001, 5.1577692E+001, 5.4293789E+001, 5.5793809E+001, 4.6187697E-001, 5.9496580E-001, 6.0180374E-001, 5.9600394E-001, 5.9752789E-001, 5.9937892E-001, 5.9956674E-001, 6.0094002E-001, 5.8916197E-001
 2.7401511E+002, 8.9623491E+001, 3.4621650E+001, 4.7124209E+001, 5.0807564E+001, 5.1318030E+001, 5.1790081E+001, 5.1495288E+001, 5.4090309E+001, 5.5315328E+001, 4.7130013E-001, 5.8128709E-001, 5.9802280E-001, 5.9140676E-001, 5.9842435E-001, 5.9886860E-001, 6.0428630E-001, 6.0931498E-001, 5.9509893E-001
 2.7500194E+002, 8.7923826E+001, 3.4748850E+001, 4.6987998E+001, 5.0866704E+001, 5.1391069E+001, 5.1882171E+001, 5.1405466E+001, 5.4291617E+001, 5.6159826E+001, 4.6440210E-001, 5.7521726E-001, 6.0040159E-001, 5.9827364E-001, 6.0006721E-001, 5.9767530E-001, 6.1003637E-001, 6.2868285E-001, 5.9399756E-001
 2.7600457E+002, 8.6779642E+001, 3.4843259E+001, 4.6754806E+001, 5.1017654E+001, 5.1599080E+001, 5.1926716E+001, 5.1450103E+001, 5.4188577E+001, 5.6545621E+001, 4.5611383E-001, 5.7553515E-001, 6.0483520E-001, 6.0410984E-001, 5.9781747E-001, 5.9975412E-001, 6.0203065E-001, 6.2286235E-001, 5.9519880E-001
 2.7701821E+002, 8.6595277E+001, 3.4935854E+001, 4.6646811E+001, 5.1200082E+001, 5.1775266E+001, 5.1970230E+001, 5.1583080E+001, 5.3947855E+001, 5.6542993E+001, 4.4856175E-001, 5.9260153E-001, 6.1203161E-001, 6.1251621E-001, 6.0702726E-001, 6.0833140E-001, 6.0882042E-001, 6.2551448E-001, 5.9539331E-001
 2.7801590E+002, 8.4869691E+001, 3.5043877E+001, 4.6935117E+001, 5.1695544E+001, 5.2226834E+001, 5.2253533E+001, 5.2032154E+001, 5.3873440E+001, 5.6977200E+001, 4.3962273E-001, 6.0163858E-001, 6.1885187E-001, 6.1861596E-001, 6.1581690E-001, 6.1400167E-001, 6.1183276E-001, 6.3039640E-001, 5.9779305E-001
 2.7900550E+002, 8.2525594E+001, 3.5159783E+001, 4.6997201E+001, 5.1986466E+001, 5.2504489E+001, 5.2598492E+001, 5.2485444E+001, 5.3942210E+001, 5.7165314E+001, 4.3386268E-001, 5.9025507E-001, 6.1768878E-001, 6.0629933E-001, 6.1294450E-001, 6.1547621E-001, 6.1837507E-001, 6.2643300E-001, 5.9880042E-001
 2.8000801E+002, 8.0161499E+001, 3.5288796E+001, 4.7042407E+001, 5.2093454E+001, 5.2388600E+001, 5.2646175E+001, 5.2625834E+001, 5.3966816E+001, 5.6782075E+001, 4.3240129E-001, 6.0077109E-001, 6.1820327E-001, 6.1672392E-001, 6.1484029E-001, 6.1501932E-001, 6.1638299E-001, 6.1669833E-001, 6.0101069E-001
 2.8100096E+002, 7.9099978E+001, 3.5424826E+001, 4.7105399E+001, 5.2034063E+001, 5.2525141E+001, 5.2667376E+001, 5.2641828E+001, 5.3820567E+001, 5.6571799E+001, 4.3246691E-001, 6.0178520E-001, 6.1656561E-001, 6.2608065E-001, 6.2195227E-001, 6.1589145E-001, 6.1132438E-001, 6.1350910E-001, 6.0520345E-001
 2.8201041E+002, 7.8455103E+001, 3.5531715E+001, 4.7057908E+001, 5.1833283E+001, 5.2647520E+001, 5.2781345E+001, 5.2646633E+001, 5.3710715E+001, 5.6637106E+001, 4.3410046E-001, 6.0493576E-001, 6.1700301E-001, 6.2435975E-001, 6.2141737E-001, 6.1366120E-001, 6.1288756E-001, 6.1538797E-001, 6.0648695E-001
 2.8300757E+002, 7.8453664E+001, 3.5609616E+001, 4.6935501E+001, 5.1607259E+001, 5.2620736E+001, 5.2688766E+001, 5.2601098E+001, 5.3555985E+001, 5.6536467E+001, 4.4051185E-001, 6.0481764E-001, 6.2029496E-001, 6.2660643E-001, 6.2410978E-001, 6.2182052E-001, 6.1529701E-001, 6.1916781E-001, 6.0753932E-001
 2.8400908E+002, 7.8944000E+001, 3.5665405E+001, 4.6779321E+001, 5.1379668E+001, 5.2484785E+001, 5.2554986E+001, 5.2510337E+001, 5.3418228E+001, 5.6803249E+001, 4.4427375E-001, 6.1042673E-001, 6.1937866E-001, 6.2286408E-001, 6.2625304E-001, 6.2378952E-001, 6.1832093E-001, 6.1502591E-001, 6.1045366E-001
 2.8500680E+002, 8.0534957E+001, 3.5682730E+001, 4.6643275E+001, 5.1224739E+001, 5.2291264E+001, 5.2369358E+001, 5.2341937E+001, 5.3272224E+001, 5.6414328E+001, 4.4641475E-001, 6.0807164E-001, 6.2258084E-001, 6.2259520E-001, 6.2471793E-001, 6.2353351E-001, 6.2088843E-001, 6.1871975E-001, 6.1109543E-001
 2.8601709E+002, 8.1281145E+001, 3.5673864E+001, 4.6370595E+001, 5.1168184E+001, 5.2138053E+001, 5.2263161E+001, 5.2144941E+001, 5.3127104E+001, 5.6182621E+001, 4.5929525E-001, 6.0487078E-001, 6.2343814E-001, 6.2369684E-001, 6.2365433E-001, 6.2259678E-001, 6.2722065E-001, 6.4398792E-001, 6.1195657E-001
 2.8700720E+002, 8.1863788E+001, 3.5721207E+001, 4.6153071E+001, 5.1238317E+001, 5.2117715E+001, 5.2240862E+001, 5.1877593E+001, 5.3103124E+001, 5.6579833E+001, 4.8784192E-001, 6.0957092E-001, 6.2412119E-001, 6.2354587E-001, 6.2329790E-001, 6.1969185E-001, 6.2445166E-001, 6.3398594E-001, 6.1473410E-001
 2.8800308E+002, 8.1304373E+001, 3.5882742E+001, 4.6662536E+001, 5.1354095E+001, 5.2117703E+001, 5.2208100E+001, 5.1768419E+001, 5.3130445E+001, 5.6199372E+001, 5.1853814E-001, 6.2290990E-001, 6.2069286E-001, 6.2061138E-001, 6.2033336E-001, 6.2130595E-001, 6.3657517E-001, 6.4203691E-001, 6.1809437E-001
 2.8900299E+002, 8.0340259E+001, 3.6066835E+001, 4.7360955E+001, 5.1235482E+001, 5.1914840E+001, 5.2059430E+001, 5.1821349E+001, 5.3656739E+001, 5.6637362E+001, 5.2582853E-001, 6.2587926E-001, 6.2220742E-001, 6.2112351E-001, 6.1888999E-001, 6.2277600E-001, 6.3931474E-001, 6.4511240E-001, 6.1918948E-001
 2.9000957E+002, 8.1436779E+001, 3.6176263E+001, 4.7785234E+001, 5.1097849E+001, 5.1792152E+001, 5.1901913E+001, 5.1820090E+001, 5.3913643E+001, 5.6610898E+001, 5.1377847E-001, 6.2723700E-001, 6.3048544E-001, 6.2673588E-001, 6.2124058E-001, 6.2184933E-001, 6.2993310E-001, 6.3303485E-001, 6.1638746E-001
 2.9101214E+002, 8.2311981E+001, 3.6159267E+001, 4.8111391E+001, 5.1282960E+001, 5.1840420E+001, 5.1821301E+001, 5.1737249E+001, 5.3981225E+001, 5.6182000E+001, 4.9755336E-001, 6.3420045E-001, 6.3431488E-001, 6.3171170E-001, 6.2417190E-001, 6.2001148E-001, 6.3334819E-001, 6.4280798E-001, 6.2081102E-001
 2.9201042E+002, 8.0898440E+001, 3.6095388E+001, 4.8539117E+001, 5.1389234E+001, 5.1904525E+001, 5.1751944E+001, 5.1620202E+001, 5.4283372E+001, 5.6589816E+001, 4.8924248E-001, 6.3565219E-001, 6.3353068E-001, 6.3620713E-001, 6.2895334E-001, 6.2124557E-001, 6.3529246E-001, 6.4318435E-001, 6.2408470E-001
 2.9302142E+002, 8.0113448E+001, 3.6054572E+001, 4.8679110E+001, 5.1159479E+001, 5.1791541E+001, 5.1726266E+001, 5.1459596E+001, 5.4140618E+001, 5.6036030E+001, 4.8911746E-001, 6.3195719E-001, 6.3581352E-001, 6.3257406E-001, 6.3642623E-001, 6.2837857E-001, 6.2673787E-001, 6.3352258E-001, 6.2282606E-001
 2.9402109E+002, 7.9164919E+001, 3.6045619E+001, 4.8575563E+001, 5.0959208E+001, 5.1502376E+001, 5.1746048E+001, 5.1216107E+001, 5.3726706E+001, 5.5244541E+001, 4.9633289E-001, 6.2753868E-001, 6.3731420E-001, 6.3663940E-001, 6.3505290E-001, 6.3001263E-001, 6.2660717E-001, 6.3496049E-001, 6.1876083E-001
 2.9500953E+002, 7.7935096E+001, 3.6064947E+001, 4.8371389E+001, 5.0747752E+001, 5.1334823E+001, 5.1577022E+001, 5.0987235E+001, 5.3279469E+001, 5.4646215E+001, 5.0782038E-001, 6.2963407E-001, 6.3612826E-001, 6.3825426E-001, 6.3585733E-001, 6.3191363E-001, 6.3107145E-001, 6.3680213E-001, 6.1961680E-001
 2.9601032E+002, 7.6205605E+001, 3.6128979E+001, 4.8037253E+001, 5.0607198E+001, 5.1272711E+001, 5.1354656E+001, 5.0848218E+001, 5.3007412E+001, 5.4297480E+001, 5.1844532E-001, 6.2882755E-001, 6.4202810E-001, 6.4404038E-001, 6.3932543E-001, 6.3536573E-001, 6.3402621E-001, 6.3349685E-001, 6.2112810E-001
 2.9702070E+002, 7.5217366E+001, 3.6206238E+001, 4.7742709E+001, 5.0777778E+001, 5.1383578E+001, 5.1240498E+001, 5.0777509E+001, 5.2876623E+001, 5.4031690E+001, 5.2279601E-001, 6.2292921E-001, 6.4886693E-001, 6.4916190E-001, 6.4243644E-001, 6.3777560E-001, 6.3769569E-001, 6.3565896E-001, 6.2203427E-001
 2.9801220E+002, 7.5784379E+001, 3.6242432E+001, 4.7358105E+001, 5.0891084E+001, 5.1407984E+001, 5.1172611E+001, 5.0704918E+001, 5.2635391E+001, 5.3611440E+001, 5.2386393E-001, 6.0769451E-001, 6.4915777E-001, 6.5056123E-001, 6.4718655E-001, 6.3964416E-001, 6.3814302E-001, 6.3512431E-001, 6.2569839E-001
 2.9902200E+002, 7.6181445E+001, 3.6213586E+001, 4.6756269E+001, 5.0773968E+001, 5.1272736E+001, 5.1097282E+001, 5.0642554E+001, 5.2432690E+001, 5.3261142E+001, 5.4027293E-001, 6.0530906E-001, 6.4585936E-001, 6.4746348E-001, 6.4926593E-001, 6.4464681E-001, 6.3714052E-001, 6.3722087E-001, 6.2873304E-001
 3.0000346E+002, 7.5330367E+001, 3.6216191E+001, 4.6490724E+001, 5.0624123E+001, 5.1130319E+001, 5.0951309E+001, 5.0598398E+001, 5.2324512E+001, 5.3226102E+001, 5.5765787E-001, 6.3770999E-001, 6.4513145E-001, 6.4543842E-001, 6.4470175E-001, 6.4627055E-001, 6.3883253E-001, 6.4392132E-001, 6.3091323E-001
 3.0100219E+002, 7.5198095E+001, 3.6325463E+001, 4.6868991E+001, 5.0529600E+001, 5.0960763E+001, 5.0716145E+001, 5.0485177E+001, 5.2218875E+001, 5.3344397E+001, 5.6638882E-001, 6.4286247E-001, 6.4451830E-001, 6.4355047E-001, 6.3920111E-001, 6.4340471E-001, 6.4161879E-001, 6.4027756E-001, 6.2900460E-001
 3.0201066E+002, 7.5349008E+001, 3.6530557E+001, 4.7261306E+001, 5.0320466E+001, 5.0547593E+001, 5.0273527E+001, 5.0310629E+001, 5.2139773E+001, 5.3228954E+001, 5.7460160E-001, 6.4521649E-001, 6.4151428E-001, 6.3608260E-001, 6.3826992E-001, 6.4234755E-001, 6.4101126E-001, 6.3820980E-001, 6.3077280E-001
 3.0302230E+002, 7.7189070E+001, 3.6687930E+001, 4.7368869E+001, 5.0009025E+001, 5.0003575E+001, 5.0161735E+001, 5.0230734E+001, 5.2216192E+001, 5.3251610E+001, 5.7246091E-001, 6.4439485E-001, 6.4284824E-001, 6.3031741E-001, 6.4633150E-001, 6.4267667E-001, 6.4430871E-001, 6.5582687E-001, 6.3261147E-001
 3.0401452E+002, 7.8878844E+001, 3.6717294E+001, 4.7304934E+001, 4.9654699E+001, 4.9468636E+001, 5.0421293E+001, 5.0325726E+001, 5.2374102E+001, 5.4002240E+001, 5.6513392E-001, 6.4046322E-001, 6.4506176E-001, 6.3404288E-001, 6.4553515E-001, 6.4322444E-001, 6.4665275E-001, 6.5918629E-001, 6.3188410E-001
 3.0501618E+002, 7.9496893E+001, 3.6647810E+001, 4.6804548E+001, 4.9325655E+001, 4.9075538E+001, 5.0433818E+001, 5.0419669E+001, 5.2396090E+001, 5.3875494E+001, 5.6117322E-001, 6.3478769E-001, 6.4798143E-001, 6.4235775E-001, 6.4484746E-001, 6.4335221E-001, 6.4632808E-001, 6.5616144E-001, 6.3207502E-001
 3.0601517E+002, 8.0566632E+001, 3.6542121E+001, 4.6737745E+001, 4.9289729E+001, 4.9124649E+001, 5.0439109E+001, 5.0345008E+001, 5.2417033E+001, 5.3920975E+001, 5.5945216E-001, 6.5069408E-001, 6.4895277E-001, 6.4629229E-001, 6.4689685E-001, 6.4376457E-001, 6.4883068E-001, 6.5272545E-001, 6.3456711E-001
 3.0701454E+002, 8.1793996E+001, 3.6421420E+001, 4.6983824E+001, 4.9062124E+001, 4.9151440E+001, 5.0351044E+001, 5.0226365E+001, 5.2469592E+001, 5.3866007E+001, 5.5816632E-001, 6.4976472E-001, 6.4661056E-001, 6.4476039E-001, 6.4614116E-001, 6.4322022E-001, 6.4790678E-001, 6.5788737E-001, 6.3750390E-001
 3.0801306E+002, 8.1231174E+001, 3.6289452E+001, 4.6890069E+001, 4.8734324E+001, 4.9055453E+001, 5.0076217E+001, 5.0155760E+001, 5.2469743E+001, 5.3642553E+001, 5.5729177E-001, 6.3369400E-001, 6.4835556E-001, 6.4264504E-001, 6.4481647E-001, 6.4142708E-001, 6.4627192E-001, 6.5265434E-001, 6.4187135E-001
 3.0900599E+002, 8.0746445E+001, 3.6171989E+001, 4.6357243E+001, 4.8475433E+001, 4.8903596E+001, 4.9988106E+001, 5.0061524E+001, 5.2371027E+001, 5.3159158E+001, 5.6572881E-001, 6.2812096E-001, 6.5099159E-001, 6.4428824E-001, 6.5126077E-001, 6.4157098E-001, 6.4209885E-001, 6.5458039E-001, 6.4104219E-001
 3.1001228E+002, 8.0639132E+001, 3.6154200E+001, 4.5782402E+001, 4.8580040E+001, 4.8791054E+001, 5.0087872E+001, 4.9900444E+001, 5.2156520E+001, 5.2836974E+001, 5.7107418E-001, 6.3947620E-001, 6.5414352E-001, 6.4734893E-001, 6.5148332E-001, 6.4515985E-001, 6.4833052E-001, 6.5650488E-001, 6.4830446E-001
 3.1101080E+002, 8.0846992E+001, 3.6286339E+001, 4.5564322E+001, 4.8585367E+001, 4.8746995E+001, 4.9981723E+001, 4.9790333E+001, 5.2214167E+001, 5.2903860E+001, 5.6920996E-001, 6.5104547E-001, 6.4822475E-001, 6.4881799E-001, 6.4844620E-001, 6.4710333E-001, 6.5368042E-001, 6.5675363E-001, 6.5294133E-001
 3.1201317E+002, 7.9289172E+001, 3.6519869E+001, 4.5762260E+001, 4.8314404E+001, 4.8695776E+001, 4.9724322E+001, 4.9653666E+001, 5.2236578E+001, 5.3194286E+001, 5.7118705E-001, 6.5399566E-001, 6.4421171E-001, 6.5119626E-001, 6.4795006E-001, 6.4562622E-001, 6.5058063E-001, 6.6544315E-001, 6.5820431E-001
 3.1300089E+002, 7.8747985E+001, 3.6822373E+001, 4.6025059E+001, 4.8059150E+001, 4.8751003E+001, 4.9513762E+001, 4.9599344E+001, 5.2027294E+001, 5.3206438E+001, 6.0509196E-001, 6.5692878E-001, 6.4831234E-001, 6.5311862E-001, 6.4741002E-001, 6.5306375E-001, 6.4937094E-001, 6.6158648E-001, 6.6549652E-001
 3.1400703E+002, 7.9061614E+001, 3.7399188E+001, 4.6308547E+001, 4.8081007E+001, 4.8861295E+001, 4.9447633E+001, 4.9704846E+001, 5.1764268E+001, 5.2933626E+001, 6.3861536E-001, 6.5390280E-001, 6.5213702E-001, 6.5536510E-001, 6.5472626E-001, 6.5681668E-001, 6.5261200E-001, 6.6527628E-001, 6.6464233E-001
 3.1501557E+002, 7.7737488E+001, 3.7776882E+001, 4.6449857E+001, 4.8108366E+001, 4.8997063E+001, 4.9659758E+001, 4.9895363E+001, 5.1583976E+001, 5.2925896E+001, 6.1885512E-001, 6.4852429E-001, 6.5555555E-001, 6.5757385E-001, 6.6229031E-001, 6.6031880E-001, 6.5824695E-001, 6.6657113E-001, 6.6067888E-001
 3.1601312E+002, 7.6093155E+001, 3.8109844E+001, 4.6604933E+001, 4.8476298E+001, 4.9280432E+001, 4.9892399E+001, 5.0062778E+001, 5.1526347E+001, 5.2797361E+001, 6.3411507E-001, 6.6050303E-001, 6.6447199E-001, 6.6146858E-001, 6.5945189E-001, 6.5939136E-001, 6.5900791E-001, 6.6847329E-001, 6.6132868E-001
 3.1702361E+002, 7.6120183E+001, 3.8877362E+001, 4.6972766E+001, 4.8769925E+001, 4.9423424E+001, 4.9959575E+001, 5.0162929E+001, 5.1498579E+001, 5.2751898E+001, 6.4249179E-001, 6.6053437E-001, 6.6183698E-001, 6.5923113E-001, 6.5622166E-001, 6.5708322E-001, 6.6112532E-001, 6.6669131E-001, 6.6091368E-001
 3.1801644E+002, 7.5267287E+001, 3.9096396E+001, 4.6893674E+001, 4.8658240E+001, 4.9315702E+001, 4.9771738E+001, 5.0079036E+001, 5.1520924E+001, 5.2903478E+001, 5.8763669E-001, 6.5929129E-001, 6.5392600E-001, 6.5050046E-001, 6.4992802E-001, 6.5241491E-001, 6.6276421E-001, 6.7236695E-001, 6.6127317E-001
 3.1901020E+002, 7.5106654E+001, 3.8463681E+001, 4.6432456E+001, 4.8156669E+001, 4.8842157E+001, 4.9409933E+001, 4.9726867E+001, 5.1426360E+001, 5.3516189E+001, 5.4870466E-001, 6.6061611E-001, 6.5721009E-001, 6.5112461E-001, 6.4919686E-001, 6.4587242E-001, 6.5678415E-001, 6.7802414E-001, 6.6187674E-001
 3.2000335E+002, 7.4147988E+001, 3.7868479E+001, 4.5887770E+001, 4.7905659E+001, 4.8398184E+001, 4.8978929E+001, 4.9332747E+001, 5.1100332E+001, 5.3325832E+001, 5.5560069E-001, 6.6335606E-001, 6.6813381E-001, 6.6307820E-001, 6.5287451E-001, 6.4601152E-001, 6.5598467E-001, 6.6875607E-001, 6.6186438E-001
 3.2100918E+002, 7.4036653E+001, 3.7373598E+001, 4.5787834E+001, 4.8037904E+001, 4.8363415E+001, 4.8621145E+001, 4.8941577E+001, 5.0897058E+001, 5.2763189E+001, 5.6369330E-001, 6.6989431E-001, 6.7180055E-001, 6.6917222E-001, 6.6164063E-001, 6.4626611E-001, 6.5855639E-001, 6.6856082E-001, 6.6531466E-001
 3.2200797E+002, 7.4179122E+001, 3.6883844E+001, 4.5881856E+001, 4.8168419E+001, 4.8440906E+001, 4.8534821E+001, 4.8581183E+001, 5.0844435E+001, 5.2372827E+001, 5.7562997E-001, 6.7330409E-001, 6.7224245E-001, 6.7052660E-001, 6.6450067E-001, 6.4716826E-001, 6.6396592E-001, 6.7265812E-001, 6.6616753E-001
 3.2301286E+002, 7.3807196E+001, 3.6549529E+001, 4.5852549E+001, 4.8219290E+001, 4.8340844E+001, 4.8398798E+001, 4.8423668E+001, 5.0895395E+001, 5.2242801E+001, 5.9577489E-001, 6.7461919E-001, 6.7439939E-001, 6.6661396E-001, 6.5611038E-001, 6.5241344E-001, 6.6779958E-001, 6.7910170E-001, 6.6698404E-001
 3.2400547E+002, 7.4076347E+001, 3.6523871E+001, 4.5746506E+001, 4.8181270E+001, 4.8119722E+001, 4.8177036E+001, 4.8405780E+001, 5.0891914E+001, 5.2601592E+001, 6.1309667E-001, 6.7688838E-001, 6.7424086E-001, 6.6726717E-001, 6.5764110E-001, 6.6306960E-001, 6.6825071E-001, 6.8627193E-001, 6.6831228E-001
 3.2501334E+002, 7.2316573E+001, 3.6599864E+001, 4.5711938E+001, 4.7992081E+001, 4.7903190E+001, 4.7979822E+001, 4.8311440E+001, 5.0704752E+001, 5.2524290E+001, 6.1927899E-001, 6.7865595E-001, 6.6950759E-001, 6.6714008E-001, 6.6696946E-001, 6.6554487E-001, 6.6714531E-001, 6.8134136E-001, 6.6925190E-001
 3.2600690E+002, 7.1077860E+001, 3.6802282E+001, 4.5754302E+001, 4.7699350E+001, 4.7669088E+001, 4.7833930E+001, 4.8154920E+001, 5.0345816E+001, 5.2022698E+001, 6.3755989E-001, 6.7803641E-001, 6.6609891E-001, 6.6416612E-001, 6.7358568E-001, 6.7138164E-001, 6.6927121E-001, 6.8230311E-001, 6.6875374E-001
 3.2702397E+002, 6.9654238E+001, 3.7145689E+001, 4.5546672E+001, 4.7404871E+001, 4.7465536E+001, 4.7806345E+001, 4.8082314E+001, 5.0049870E+001, 5.1594283E+001, 6.1582526E-001, 6.7723416E-001, 6.7171576E-001, 6.6945268E-001, 6.7504025E-001, 6.7512417E-001, 6.7369399E-001, 6.7983124E-001, 6.6877769E-001
 3.2800832E+002, 6.9437764E+001, 3.7004477E+001, 4.5301922E+001, 4.7312756E+001, 4.7499264E+001, 4.7876554E+001, 4.8070457E+001, 4.9754263E+001, 5.0962904E+001, 5.8617543E-001, 6.7935727E-001, 6.7992184E-001, 6.7991188E-001, 6.7700273E-001, 6.7074996E-001, 6.7311271E-001, 6.7904258E-001, 6.6802757E-001
 3.2900688E+002, 6.9255434E+001, 3.6684404E+001, 4.5294426E+001, 4.7293991E+001, 4.7580434E+001, 4.7880691E+001, 4.7994474E+001, 4.9498305E+001, 5.0486926E+001, 5.8138294E-001, 6.8066384E-001, 6.7509527E-001, 6.7742081E-001, 6.7502863E-001, 6.6577186E-001, 6.7371448E-001, 6.7813516E-001, 6.6711008E-001
 3.3001750E+002, 6.9538210E+001, 3.6378271E+001, 4.5059034E+001, 4.7091126E+001, 4.7403040E+001, 4.7796501E+001, 4.7890029E+001, 4.9344625E+001, 5.0036994E+001, 5.9417449E-001, 6.7214003E-001, 6.7515017E-001, 6.7418321E-001, 6.7315096E-001, 6.6776473E-001, 6.7318482E-001, 6.7533655E-001, 6.6537935E-001
 3.3100606E+002, 6.8512867E+001, 3.6125716E+001, 4.4644186E+001, 4.6813041E+001, 4.7099773E+001, 4.7587486E+001, 4.7737699E+001, 4.9158292E+001, 4.9514898E+001, 6.0050326E-001, 6.6782173E-001, 6.7238019E-001, 6.6524251E-001, 6.6743820E-001, 6.6785490E-001, 6.7182411E-001, 6.7325727E-001, 6.6583405E-001
 3.3201067E+002, 6.7722594E+001, 3.5893949E+001, 4.4199237E+001, 4.6465292E+001, 4.6692457E+001, 4.7206665E+001, 4.7462624E+001, 4.8904663E+001, 4.9053986E+001, 5.9941930E-001, 6.6879146E-001, 6.7362095E-001, 6.6828215E-001, 6.6907001E-001, 6.6317359E-001, 6.7099019E-001, 6.7330056E-001, 6.6678075E-001
 3.3302009E+002, 6.6334692E+001, 3.5667584E+001, 4.3701109E+001, 4.6190550E+001, 4.6395879E+001, 4.6890640E+001, 4.7177018E+001, 4.8586865E+001, 4.8865036E+001, 5.9917582E-001, 6.7312011E-001, 6.7807886E-001, 6.7998103E-001, 6.8195252E-001, 6.6528664E-001, 6.6835755E-001, 6.7546587E-001, 6.6794104E-001
 3.3400876E+002, 6.4548108E+001, 3.5453088E+001, 4.3131402E+001, 4.5918216E+001, 4.6125156E+001, 4.6671167E+001, 4.6997953E+001, 4.8271299E+001, 4.8515671E+001, 6.0123897E-001, 6.7896356E-001, 6.8063710E-001, 6.7954061E-001, 6.8112405E-001, 6.7420690E-001, 6.6843628E-001, 6.7351819E-001, 6.6817319E-001
 3.3504840E+002, 6.2421657E+001, 3.5246604E+001, 4.2687464E+001, 4.5618625E+001, 4.5906125E+001, 4.6405860E+001, 4.6738184E+001, 4.8021005E+001, 4.7941302E+001, 6.0379075E-001, 6.7884717E-001, 6.7200090E-001, 6.7736307E-001, 6.7412528E-001, 6.7133885E-001, 6.6869689E-001, 6.7254693E-001, 6.6737309E-001
 3.3600422E+002, 6.0469904E+001, 3.5073796E+001, 4.2502474E+001, 4.5342129E+001, 4.5671407E+001, 4.6103700E+001, 4.6396882E+001, 4.7789655E+001, 4.7344019E+001, 6.1437829E-001, 6.7909215E-001, 6.7394343E-001, 6.7520303E-001, 6.6913206E-001, 6.6499332E-001, 6.6700271E-001, 6.7367990E-001, 6.6761390E-001
 3.3705216E+002, 5.8474774E+001, 3.4985747E+001, 4.2441568E+001, 4.5022122E+001, 4.5289499E+001, 4.5751948E+001, 4.6018082E+001, 4.7504930E+001, 4.6694185E+001, 6.3703854E-001, 6.8101334E-001, 6.7509944E-001, 6.7442833E-001, 6.6909136E-001, 6.6172207E-001, 6.6684393E-001, 6.7408449E-001, 6.6900236E-001
 3.3805293E+002, 5.6398660E+001, 3.4979686E+001, 4.2384259E+001, 4.4621130E+001, 4.4877120E+001, 4.5379360E+001, 4.5625431E+001, 4.7110909E+001, 4.6050444E+001, 6.5060839E-001, 6.7787221E-001, 6.7028937E-001, 6.7673373E-001, 6.7260081E-001, 6.6279938E-001, 6.6631482E-001, 6.7259064E-001, 6.6830259E-001
 3.3906541E+002, 5.4565512E+001, 3.5002321E+001, 4.2269471E+001, 4.4216098E+001, 4.4503614E+001, 4.5102398E+001, 4.5251858E+001, 4.6645527E+001, 4.5494247E+001, 6.5608527E-001, 6.7788630E-001, 6.6134603E-001, 6.7319335E-001, 6.7378936E-001, 6.6422535E-001, 6.6284225E-001, 6.7038431E-001, 6.6732069E-001
 3.4003584E+002, 5.2856474E+001, 3.5031472E+001, 4.2144833E+001, 4.3816958E+001, 4.4127959E+001, 4.4895230E+001, 4.4931762E+001, 4.6210241E+001, 4.4901137E+001, 6.5686908E-001, 6.7740629E-001, 6.5567785E-001, 6.6122369E-001, 6.7300645E-001, 6.6572176E-001, 6.6138006E-001, 6.7044892E-001, 6.6688368E-001
 3.4105708E+002, 5.1401964E+001, 3.4966411E+001, 4.2017050E+001, 4.3422257E+001, 4.3735360E+001, 4.4654364E+001, 4.4651526E+001, 4.5764612E+001, 4.4201679E+001, 6.3349417E-001, 6.6975837E-001, 6.5429414E-001, 6.5079410E-001, 6.7166223E-001, 6.6616335E-001, 6.6380170E-001, 6.7254164E-001, 6.6694279E-001
 3.4201570E+002, 5.0074183E+001, 3.4708445E+001, 4.1727969E+001, 4.3042865E+001, 4.3362623E+001, 4.4345138E+001, 4.4392719E+001, 4.5236950E+001, 4.3568177E+001, 6.2606539E-001, 6.6879872E-001, 6.5651639E-001, 6.4944184E-001, 6.6801941E-001, 6.6686305E-001, 6.6636583E-001, 6.7241874E-001, 6.6793668E-001
 3.4302865E+002, 4.8810169E+001, 3.4456921E+001, 4.1421868E+001, 4.2675736E+001, 4.3006798E+001, 4.3985990E+001, 4.4140629E+001, 4.4735583E+001, 4.3049480E+001, 6.5107733E-001, 6.7021580E-001, 6.6002191E-001, 6.5047799E-001, 6.6327463E-001, 6.6706866E-001, 6.6497128E-001, 6.7130962E-001, 6.6913914E-001
 3.4404875E+002, 4.7638410E+001, 3.4223327E+001, 4.1050350E+001, 4.2298501E+001, 4.2648013E+001, 4.3604840E+001, 4.3881283E+001, 4.4313981E+001, 4.2587652E+001, 6.5972206E-001, 6.7009849E-001, 6.6085789E-001, 6.5238001E-001, 6.5861142E-001, 6.6716978E-001, 6.6424970E-001, 6.7052792E-001, 6.7022128E-001
 3.4500736E+002, 4.6644076E+001, 3.3811798E+001, 4.0686037E+001, 4.1926902E+001, 4.2307867E+001, 4.3239704E+001, 4.3624261E+001, 4.3957218E+001, 4.2145969E+001, 6.5084646E-001, 6.6369438E-001, 6.5933363E-001, 6.5457522E-001, 6.5619476E-001, 6.6732730E-001, 6.6434448E-001, 6.7204715E-001, 6.7182756E-001
 3.4604056E+002, 4.5736919E+001, 3.3343690E+001, 4.0244857E+001, 4.1561729E+001, 4.1982473E+001, 4.2881038E+001, 4.3344473E+001, 4.3584310E+001, 4.1607211E+001, 6.6230912E-001, 6.5793698E-001, 6.5826529E-001, 6.5547484E-001, 6.5633286E-001, 6.6577201E-001, 6.6579537E-001, 6.7391620E-001, 6.7289119E-001
 3.4704002E+002, 4.4851097E+001, 3.3061757E+001, 3.9718933E+001, 4.1207100E+001, 4.1673016E+001, 4.2523066E+001, 4.3039970E+001, 4.3132980E+001, 4.1039692E+001, 6.6616252E-001, 6.5838820E-001, 6.5767101E-001, 6.5552455E-001, 6.5848080E-001, 6.6377454E-001, 6.6757802E-001, 6.7432716E-001, 6.7279062E-001
 3.4804262E+002, 4.4033420E+001, 3.2913421E+001, 3.9182995E+001, 4.0892075E+001, 4.1406012E+001, 4.2190976E+001, 4.2741439E+001, 4.2635140E+001, 4.0553432E+001, 6.6177282E-001, 6.5749419E-001, 6.5677698E-001, 6.5637269E-001, 6.6141957E-001, 6.6291841E-001, 6.6943083E-001, 6.7434528E-001, 6.7376408E-001
 3.4905014E+002, 4.3269104E+001, 3.2937709E+001, 3.8670984E+001, 4.0604958E+001, 4.1160890E+001, 4.1874062E+001, 4.2437682E+001, 4.2112710E+001, 4.0131449E+001, 6.6460297E-001, 6.5822855E-001, 6.5572827E-001, 6.5791998E-001, 6.6271665E-001, 6.6289221E-001, 6.7010850E-001, 6.7403482E-001, 6.7424340E-001
 3.5001911E+002, 4.2610562E+001, 3.2930440E+001, 3.8240257E+001, 4.0358514E+001, 4.0934296E+001, 4.1583350E+001, 4.2121309E+001, 4.1747202E+001, 3.9780733E+001, 6.6543004E-001, 6.5860227E-001, 6.5534329E-001, 6.5904858E-001, 6.6302945E-001, 6.6384812E-001, 6.6809876E-001, 6.7374304E-001, 6.7102003E-001
 3.5103650E+002, 4.2013004E+001, 3.3238587E+001, 3.7866862E+001, 4.0132737E+001, 4.0715306E+001, 4.1306416E+001, 4.1771024E+001, 4.1407168E+001, 3.9506896E+001, 6.6756725E-001, 6.5489285E-001, 6.5678310E-001, 6.5955223E-001, 6.6329483E-001, 6.6543954E-001, 6.6757336E-001, 6.7212434E-001, 6.6725515E-001
 3.5207500E+002, 4.1413192E+001, 3.3551159E+001, 3.7544191E+001, 3.9879363E+001, 4.0496673E+001, 4.1030020E+001, 4.1384915E+001, 4.0961785E+001, 3.9222321E+001, 6.6879886E-001, 6.5038813E-001, 6.5569170E-001, 6.5972432E-001, 6.6335843E-001, 6.6623133E-001, 6.6903338E-001, 6.7180573E-001, 6.6683013E-001
 3.5303361E+002, 4.0814035E+001, 3.3656295E+001, 3.7293986E+001, 3.9601347E+001, 4.0289031E+001, 4.0764533E+001, 4.1003050E+001, 4.0473120E+001, 3.8834512E+001, 6.7139150E-001, 6.4697433E-001, 6.5347169E-001, 6.6085142E-001, 6.6394894E-001, 6.6574501E-001, 6.6999054E-001, 6.7108596E-001, 6.6652125E-001
 3.5407211E+002, 4.0207777E+001, 3.3331652E+001, 3.7067972E+001, 3.9308476E+001, 4.0075932E+001, 4.0501442E+001, 4.0643244E+001, 3.9995681E+001, 3.8443612E+001, 6.5662502E-001, 6.4827678E-001, 6.5274466E-001, 6.6247760E-001, 6.6390496E-001, 6.6500011E-001, 6.6887084E-001, 6.6745462E-001, 6.6840023E-001
 3.5503073E+002, 3.9773442E+001, 3.2780801E+001, 3.6769467E+001, 3.9033381E+001, 3.9809445E+001, 4.0241490E+001, 4.0318319E+001, 3.9580902E+001, 3.8138989E+001, 6.4634689E-001, 6.5616099E-001, 6.5135908E-001, 6.6438193E-001, 6.6317968E-001, 6.6455020E-001, 6.6620180E-001, 6.6672057E-001, 6.7098252E-001
 3.5606923E+002, 3.9430803E+001, 3.2326884E+001, 3.6393713E+001, 3.8774494E+001, 3.9478109E+001, 3.9988301E+001, 4.0030659E+001, 3.9236376E+001, 3.7901968E+001, 6.4040544E-001, 6.5633228E-001, 6.5338468E-001, 6.6539150E-001, 6.6224172E-001, 6.6412278E-001, 6.6376259E-001, 6.6671851E-001, 6.7101088E-001
 3.5703235E+002, 3.9100752E+001, 3.1967000E+001, 3.6024110E+001, 3.8515927E+001, 3.9168791E+001, 3.9735667E+001, 3.9766246E+001, 3.9011962E+001, 3.7684324E+001, 6.3597681E-001, 6.5509765E-001, 6.6044118E-001, 6.6451151E-001, 6.6158060E-001, 6.6355830E-001, 6.6276213E-001, 6.6693773E-001, 6.7034744E-001
 3.5807085E+002, 3.8752901E+001, 3.1485695E+001, 3.5660516E+001, 3.8288726E+001, 3.8937294E+001, 3.9459788E+001, 3.9516898E+001, 3.8879254E+001, 3.7510351E+001, 6.2787810E-001, 6.5490974E-001, 6.6271100E-001, 6.6381317E-001, 6.6140046E-001, 6.6252647E-001, 6.6220623E-001, 6.6635553E-001, 6.6900442E-001
 3.5902946E+002, 3.8403870E+001, 3.1001459E+001, 3.5268507E+001, 3.8091035E+001, 3.8739272E+001, 3.9174051E+001, 3.9283281E+001, 3.8742201E+001, 3.7360733E+001, 6.1909603E-001, 6.5303960E-001, 6.6306886E-001, 6.6297262E-001, 6.6120833E-001, 6.6134952E-001, 6.6156192E-001, 6.6563963E-001, 6.6529564E-001
 3.6000000E+002, 3.8041042E+001, 3.0545327E+001, 3.4928327E+001, 3.7895498E+001, 3.8525414E+001, 3.8920391E+001, 3.9062191E+001, 3.8601287E+001, 3.7226378E+001, 6.0869877E-001, 6.4947519E-001, 6.6401373E-001, 6.6123130E-001, 6.5947929E-001, 6.6035857E-001, 6.6086085E-001, 6.6498386E-001, 6.6021533E-001
