
 Fire Dynamics Simulator

 Current Date     : July 24, 2026  14:50:50
 Revision         : FDS-6.11.0-0-g369a20b-release
 Revision Date    : Fri May 15 17:26:52 2026 -0400
 Compiler         : Intel(R) Fortran Compiler for applications running on Intel(R) 64, Version 2025.2.0 Build 20250605
 Compilation Date : Sun-05/17/2026-11:24-PM

 Number of MPI Processes:  1

 MPI version: 4.1
 MPI library version: Intel(R) MPI Library 2021.16 for Windows* OS

 Hypre library version: v3.0.0
 Sundials library version: v7.5.0

 Job TITLE        : VIB Hasenheide Stage 1 | hep_160_150 | <ParticipantID> | <RunID>
 Job ID string    : hep_160_150_1_1


 Grid Dimensions, Mesh     1

   Cells in the X Direction            85
   Cells in the Y Direction            44
   Cells in the Z Direction            25
   Number of Grid Cells             93500


 Physical Dimensions, Mesh     1

   Length (m)                       4.250
   Width  (m)                       4.400
   Height (m)                       2.550

 Miscellaneous Parameters

   Total Number of Grid Cells       93500
   Maximum Cell Aspect Ratio        2.040
   Initial Time Step (s)            0.080
   CFL Velocity Norm                    2
   Simulation Start Time (s)          0.0
   Simulation End Time (s)          360.0
   Background Pressure (Pa)      99300.00
   Ambient Temperature (C)          12.10

   3D Cartesian
   VLES Calculation
   Eddy Viscosity Model:  Deardorff (C_DEARDORFF = 0.10)
   Surface INERT Eddy Viscosity Model:  WALE (C_WALE = 0.60)
   Surface BURNER_PAN Eddy Viscosity Model:  WALE (C_WALE = 0.60)
   Turbulent Prandtl Number:         0.50
   Turbulent Schmidt Number:         0.50


 Pressure solver information

   Solver:                            FFT
   Velocity tolerance (m/s):    3.995E-02
   Press eqn res tol (1/s^2):   3.133E+03
   Max pressure iterations:            10


 Background Stratification

      Z (m)     P_0 (Pa)    TMP_0 (C)
   ------------------------------------
        2.50     99270.51     12.10
        2.40     99271.71     12.10
        2.29     99272.92     12.10
        2.19     99274.12     12.10
        2.09     99275.32     12.10
        1.99     99276.53     12.10
        1.89     99277.73     12.10
        1.78     99278.93     12.10
        1.68     99280.14     12.10
        1.58     99281.34     12.10
        1.48     99282.54     12.10
        1.38     99283.75     12.10
        1.27     99284.95     12.10
        1.17     99286.15     12.10
        1.07     99287.36     12.10
        0.97     99288.56     12.10
        0.87     99289.76     12.10
        0.76     99290.97     12.10
        0.66     99292.17     12.10
        0.56     99293.37     12.10
        0.46     99294.58     12.10
        0.36     99295.78     12.10
        0.26     99296.99     12.10
        0.15     99298.19     12.10
        0.05     99299.39     12.10


 Mass Fraction Transformation Matrix to Convert Species Mixtures (Columns) to Primitive Species (Rows)

                         AIR       HEPTAN_S  PRODUCTS
   NITROGEN              0.761864  0.000000  0.713271
   OXYGEN                0.230814  0.000000  0.000000
   CARBON DIOXIDE        0.000591  0.000000  0.193182
   WATER VAPOR           0.006731  0.000000  0.091506
   CARBON MONOXIDE       0.000000  0.000000  0.000638
   SOOT                  0.000000  0.000000  0.001403
   HYDROGEN              0.000000  0.000000  0.000000
   HYDROGEN CYANIDE      0.000000  0.000000  0.000000
   HEPTAN_SURROGATE      0.000000  1.000000  0.000000


 Primitive Species Information

   NITROGEN
   Gas Species
   Molecular Weight (g/mol)                28.01340
   Ambient Density (kg/m^3)                1.173
           Enthalpy of Formation (J/kg)  0.000E+00

   OXYGEN
   Gas Species
   Molecular Weight (g/mol)                31.99880
   Ambient Density (kg/m^3)                1.340
           Enthalpy of Formation (J/kg)  0.000E+00

   CARBON DIOXIDE
   Gas Species
   Molecular Weight (g/mol)                44.00950
   Ambient Density (kg/m^3)                1.843
           Enthalpy of Formation (J/kg) -8.941E+06

   WATER VAPOR
   Gas Species
   Molecular Weight (g/mol)                18.01528
   Ambient Density (kg/m^3)                0.754
           Enthalpy of Formation (J/kg) -1.342E+07

   CARBON MONOXIDE
   Gas Species
   Molecular Weight (g/mol)                28.01010
   Ambient Density (kg/m^3)                1.173
           Enthalpy of Formation (J/kg) -3.946E+06

   SOOT
   Gas Species
   Molecular Weight (g/mol)                12.01070
   Ambient Density (kg/m^3)                0.503
           Enthalpy of Formation (J/kg)  0.000E+00

   HYDROGEN
   Gas Species
   Molecular Weight (g/mol)                 2.01588
   Ambient Density (kg/m^3)                0.084
           Enthalpy of Formation (J/kg)  0.000E+00

   HYDROGEN CYANIDE
   Gas Species
   Molecular Weight (g/mol)                27.02534
   Ambient Density (kg/m^3)                1.132
           Enthalpy of Formation (J/kg)  4.924E+06

   HEPTAN_SURROGATE
   Gas Species
   Molecular Weight (g/mol)                98.85130
   Ambient Density (kg/m^3)                4.139
   Assumed Enthalpy of Formation (J/kg)  2.095E+06


 Tracked (Lumped) Species Information

   AIR
   Molecular Weight (g/mol)            28.73837
   Ambient Density (kg/m^3)            1.203
   Initial Mass Fraction               1.000
   Enthalpy of Formation (J/kg)     -9.564E+04

   Sub Species                    Mass Fraction     Mole Fraction
   NITROGEN                       7.618638E-01      7.815803E-01
   OXYGEN                         2.308138E-01      2.072956E-01
   CARBON DIOXIDE                 5.909948E-04      3.859218E-04
   WATER VAPOR                    6.731463E-03      1.073818E-02
 
     Viscosity (kg/m/s) Ambient,  285 K:  1.759E-05
                                  500 K:  2.612E-05
                                 1000 K:  4.125E-05
                                 1500 K:  5.371E-05
                                 2000 K:  6.476E-05
   Therm. Cond. (W/m/K) Ambient,  285 K:  2.503E-02
                                  500 K:  3.813E-02
                                 1000 K:  6.687E-02
                                 1500 K:  9.254E-02
                                 2000 K:  1.153E-01
        Enthalpy (J/kg) Ambient,  285 K: -1.088E+05
                                  500 K:  1.117E+05
                                 1000 K:  6.620E+05
                                 1500 K:  1.261E+06
                                 2000 K:  1.887E+06
    Spec. Heat (J/kg/K) Ambient,  285 K:  1.016E+03
                                  500 K:  1.043E+03
                                 1000 K:  1.157E+03
                                 1500 K:  1.230E+03
                                 2000 K:  1.271E+03
   Diff. Coeff. (m^2/s) Ambient,  285 K:  1.897E-05
                                  500 K:  4.962E-05
                                 1000 K:  1.581E-04
                                 1500 K:  3.096E-04
                                 2000 K:  4.986E-04
     Gibbs Energy Amb. (kJ/mol),  285 K: -5.737E+01
                                  500 K: -1.009E+02
                                 1000 K: -2.119E+02
                                 1500 K: -3.314E+02
                                 2000 K: -4.570E+02

   HEPTAN_SURROGATE
   Molecular Weight (g/mol)            98.85130
   Ambient Density (kg/m^3)            4.139
   Initial Mass Fraction               0.000
   Enthalpy of Formation (J/kg)      2.095E+06

   Sub Species                    Mass Fraction     Mole Fraction
   HEPTAN_SURROGATE               1.000000E+00      1.000000E+00
 
     Viscosity (kg/m/s) Ambient,  285 K:  3.204E-05
                                  500 K:  4.718E-05
                                 1000 K:  7.417E-05
                                 1500 K:  9.649E-05
                                 2000 K:  1.163E-04
   Therm. Cond. (W/m/K) Ambient,  285 K:  1.328E-02
                                  500 K:  1.956E-02
                                 1000 K:  3.075E-02
                                 1500 K:  4.001E-02
                                 2000 K:  4.822E-02
        Enthalpy (J/kg) Ambient,  285 K:  2.091E+06
                                  500 K:  2.155E+06
                                 1000 K:  2.302E+06
                                 1500 K:  2.449E+06
                                 2000 K:  2.596E+06
    Spec. Heat (J/kg/K) Ambient,  285 K:  2.944E+02
                                  500 K:  2.944E+02
                                 1000 K:  2.944E+02
                                 1500 K:  2.944E+02
                                 2000 K:  2.944E+02
   Diff. Coeff. (m^2/s) Ambient,  285 K:  1.517E-05
                                  500 K:  3.953E-05
                                 1000 K:  1.256E-04
                                 1500 K:  2.460E-04
                                 2000 K:  3.961E-04

   PRODUCTS
   Molecular Weight (g/mol)            28.51418
   Ambient Density (kg/m^3)            1.194
   Initial Mass Fraction               0.000
   Enthalpy of Formation (J/kg)     -2.958E+06

   Sub Species                    Mass Fraction     Mole Fraction
   NITROGEN                       7.132710E-01      7.260217E-01
   CARBON DIOXIDE                 1.931824E-01      1.251647E-01
   WATER VAPOR                    9.150563E-02      1.448330E-01
   CARBON MONOXIDE                6.378152E-04      6.492936E-04
   SOOT                           1.403194E-03      3.331272E-03
   HYDROGEN CYANIDE               0.000000E+00      0.000000E+00
 
     Viscosity (kg/m/s) Ambient,  285 K:  1.585E-05
                                  500 K:  2.398E-05
                                 1000 K:  3.898E-05
                                 1500 K:  5.141E-05
                                 2000 K:  6.237E-05
   Therm. Cond. (W/m/K) Ambient,  285 K:  2.286E-02
                                  500 K:  3.614E-02
                                 1000 K:  6.684E-02
                                 1500 K:  9.557E-02
                                 2000 K:  1.213E-01
        Enthalpy (J/kg) Ambient,  285 K: -2.972E+06
                                  500 K: -2.736E+06
                                 1000 K: -2.131E+06
                                 1500 K: -1.461E+06
                                 2000 K: -7.510E+05
    Spec. Heat (J/kg/K) Ambient,  285 K:  1.074E+03
                                  500 K:  1.130E+03
                                 1000 K:  1.284E+03
                                 1500 K:  1.387E+03
                                 2000 K:  1.447E+03
   Diff. Coeff. (m^2/s) Ambient,  285 K:  1.852E-05
                                  500 K:  4.930E-05
                                 1000 K:  1.590E-04
                                 1500 K:  3.125E-04
                                 2000 K:  5.040E-04
     Gibbs Energy Amb. (kJ/mol),  285 K: -1.539E+02
                                  500 K: -1.977E+02
                                 1000 K: -3.103E+02
                                 1500 K: -4.326E+02
                                 2000 K: -5.618E+02


 Gas Phase Reaction Information

   Solver Details:  

      ODE Solver:  EXPLICIT EULER

      Fuel                                           Heat of Combustion (kJ/kg)
      HEPTAN_SURROGATE                                               47071.0000
      EPUMO2:                                                        13893.4282

      Primitive Species Stoich. Coeff.
      Species ID                                                          Molar
      NITROGEN                                                        -0.000000
      OXYGEN                                                         -10.466288
      CARBON DIOXIDE                                                   6.783643
      WATER VAPOR                                                      7.330000
      CARBON MONOXIDE                                                  0.035291
      SOOT                                                             0.181066
      HEPTAN_SURROGATE                                                -1.000000

      Tracked (Lumped) Species Stoich. Coeff.
      Species ID                                             Molar         Mass
      AIR                                               -50.489679   -14.678522
      HEPTAN_SURROGATE                                   -1.000000    -1.000000
      PRODUCTS                                           54.353390    15.678522

      Reaction Kinetics

      Fast chemistry

      Extinction Model:  EXTINCTION 1
      Auto-Ignition Temperature (C):            -273.1
      Critical Flame Temperature (C):           1427.0

      Prescribed Radiative Fraction:             0.350


 Material Information


 Surface Conditions

   0 INERT (DEFAULT)

   1 BURNER_PAN
     HRR Per Unit Area (kW/m2)          1.0
     HEPTAN_SURROGATE Mass Flux (kg/s/m2)   2.124E-05

   2 OPEN
     Passive Vent to Atmosphere

   3 MIRROR
     Symmetry Plane

   4 INTERPOLATED

   5 PERIODIC

   6 HVAC

   7 MASSLESS TRACER

   8 DROPLET

   9 MASSLESS TARGET

  10 PERIODIC FLOW ONLY


 Lagrangian Particle Classes


 Cut-off Density and Temperature

    Minimum Temperature:  -259.1 C
    Maximum Temperature:  2726.8 C
    Minimum Density:  1.000E-02 kg/m3
    Maximum Density:  1.000E+02 kg/m3


 Device Information

   1 ID: TC_Ceiling_F1
     QUANTITY: THERMOCOUPLE
     Coordinates (X,Y,Z):    2.062500E+00    2.137500E+00    2.540000E+00
     TEMPORAL STATISTIC: TIME AVERAGE
   2 ID: TC_F1_0_6
     QUANTITY: THERMOCOUPLE
     Coordinates (X,Y,Z):    3.650000E+00    5.000000E-01    6.000000E-01
     TEMPORAL STATISTIC: TIME AVERAGE
   3 ID: TC_F1_1_2
     QUANTITY: THERMOCOUPLE
     Coordinates (X,Y,Z):    3.650000E+00    5.000000E-01    1.200000E+00
     TEMPORAL STATISTIC: TIME AVERAGE
   4 ID: TC_F1_1_6
     QUANTITY: THERMOCOUPLE
     Coordinates (X,Y,Z):    3.650000E+00    5.000000E-01    1.600000E+00
     TEMPORAL STATISTIC: TIME AVERAGE
   5 ID: TC_F1_1_8
     QUANTITY: THERMOCOUPLE
     Coordinates (X,Y,Z):    3.650000E+00    5.000000E-01    1.800000E+00
     TEMPORAL STATISTIC: TIME AVERAGE
   6 ID: TC_F1_2_0
     QUANTITY: THERMOCOUPLE
     Coordinates (X,Y,Z):    3.650000E+00    5.000000E-01    2.000000E+00
     TEMPORAL STATISTIC: TIME AVERAGE
   7 ID: TC_F1_2_2
     QUANTITY: THERMOCOUPLE
     Coordinates (X,Y,Z):    3.650000E+00    5.000000E-01    2.200000E+00
     TEMPORAL STATISTIC: TIME AVERAGE
   8 ID: TC_F1_2_4
     QUANTITY: THERMOCOUPLE
     Coordinates (X,Y,Z):    3.650000E+00    5.000000E-01    2.400000E+00
     TEMPORAL STATISTIC: TIME AVERAGE
   9 ID: TC_F1_2_5
     QUANTITY: THERMOCOUPLE
     Coordinates (X,Y,Z):    3.650000E+00    5.000000E-01    2.500000E+00
     TEMPORAL STATISTIC: TIME AVERAGE
  10 ID: EXT_F1_0_6
     QUANTITY: EXTINCTION COEFFICIENT
     Species ID: SOOT
     Coordinates (X,Y,Z):    3.650000E+00    5.000000E-01    6.000000E-01
     TEMPORAL STATISTIC: TIME AVERAGE
  11 ID: EXT_F1_1_2
     QUANTITY: EXTINCTION COEFFICIENT
     Species ID: SOOT
     Coordinates (X,Y,Z):    3.650000E+00    5.000000E-01    1.200000E+00
     TEMPORAL STATISTIC: TIME AVERAGE
  12 ID: EXT_F1_1_6
     QUANTITY: EXTINCTION COEFFICIENT
     Species ID: SOOT
     Coordinates (X,Y,Z):    3.650000E+00    5.000000E-01    1.600000E+00
     TEMPORAL STATISTIC: TIME AVERAGE
  13 ID: EXT_F1_1_8
     QUANTITY: EXTINCTION COEFFICIENT
     Species ID: SOOT
     Coordinates (X,Y,Z):    3.650000E+00    5.000000E-01    1.800000E+00
     TEMPORAL STATISTIC: TIME AVERAGE
  14 ID: EXT_F1_2_0
     QUANTITY: EXTINCTION COEFFICIENT
     Species ID: SOOT
     Coordinates (X,Y,Z):    3.650000E+00    5.000000E-01    2.000000E+00
     TEMPORAL STATISTIC: TIME AVERAGE
  15 ID: EXT_F1_2_2
     QUANTITY: EXTINCTION COEFFICIENT
     Species ID: SOOT
     Coordinates (X,Y,Z):    3.650000E+00    5.000000E-01    2.200000E+00
     TEMPORAL STATISTIC: TIME AVERAGE
  16 ID: EXT_F1_2_4
     QUANTITY: EXTINCTION COEFFICIENT
     Species ID: SOOT
     Coordinates (X,Y,Z):    3.650000E+00    5.000000E-01    2.400000E+00
     TEMPORAL STATISTIC: TIME AVERAGE
  17 ID: EXT_F1_2_5
     QUANTITY: EXTINCTION COEFFICIENT
     Species ID: SOOT
     Coordinates (X,Y,Z):    3.650000E+00    5.000000E-01    2.500000E+00
     TEMPORAL STATISTIC: TIME AVERAGE
  18 ID: EXT_DEVC_F1_2_3
     QUANTITY: EXTINCTION COEFFICIENT
     Species ID: SOOT
     Coordinates (X,Y,Z):    3.150000E+00    3.725000E+00    2.300000E+00
     TEMPORAL STATISTIC: TIME AVERAGE


 Radiation Model Information

   Number of control angles  104
   Time step increment         3
   Angle increment             5
   Theta band N_phi   Solid angle
     1:        4     0.120
     2:       12     0.114
     3:       16     0.127
     4:       20     0.120
     5:       20     0.120
     6:       16     0.127
     7:       12     0.114
     8:        4     0.120
   Using gray gas absorption.
   Mean beam length  1.000E-01 m


 Pressure Zone Information

   1 Volume: 4.7657E+01 m3, Cells: 93445, Mesh: 1, Indices: (85,44,25)
 
 

 Run Time Diagnostics

       Time Step        1   July 24, 2026  14:50:51
       Step Size:  0.799E-01 s, Total Time:    0.07988 s
       Pressure Iterations: 1
       Maximum Velocity Error:  0.17E-02 on Mesh 1 at (41,21,3)
       Maximum Pressure Error:  0.19E-05 on Mesh 1 at (41,22,2)
       Maximum CFL Number    :  0.29E-01 on Mesh 1 at (19,36,17)
       Maximum VN Number     :  0.34E-01 on Mesh 1 at (50,12,1)
       ---------------------------------------------------------------
       Max CFL number:  0.29E-01 at (19,36,17)
       Max divergence:  0.20E-01 at (43,22,3)
       Min divergence: -0.31E-05 at (38,14,24)
       Max VN number :  0.34E-01 at (50,12,1)
 
       Time Step        2   July 24, 2026  14:50:51
       Step Size:  0.799E-01 s, Total Time:    0.15977 s
       Pressure Iterations: 10
       Maximum Velocity Error:  0.52E-01 on Mesh 1 at (43,22,3)
       Maximum Pressure Error:  0.26E+01 on Mesh 1 at (41,22,3)
       Maximum CFL Number    :  0.29E-01 on Mesh 1 at (19,36,17)
       Maximum VN Number     :  0.35E-01 on Mesh 1 at (50,12,1)
       ---------------------------------------------------------------
       Max CFL number:  0.29E-01 at (19,36,17)
       Max divergence:  0.51E+01 at (42,22,3)
       Min divergence: -0.40E-03 at (40,22,3)
       Max VN number :  0.35E-01 at (50,12,1)
 
       Time Step        3   July 24, 2026  14:50:52
       Step Size:  0.799E-01 s, Total Time:    0.23965 s
       Pressure Iterations: 1
       Maximum Velocity Error:  0.30E-01 on Mesh 1 at (41,21,3)
       Maximum Pressure Error:  0.23E+02 on Mesh 1 at (42,22,3)
       Maximum CFL Number    :  0.74E+00 on Mesh 1 at (43,22,3)
       Maximum VN Number     :  0.19E+00 on Mesh 1 at (43,22,4)
       ---------------------------------------------------------------
       Max CFL number:  0.74E+00 at (43,22,3)
       Max divergence:  0.60E+01 at (43,22,3)
       Min divergence: -0.27E-01 at (44,22,3)
       Max VN number :  0.19E+00 at (43,22,4)
 
       Time Step        4   July 24, 2026  14:50:52
       Step Size:  0.799E-01 s, Total Time:    0.31954 s
       Pressure Iterations: 10
       Maximum Velocity Error:  0.62E-01 on Mesh 1 at (43,22,3)
       Maximum Pressure Error:  0.17E+03 on Mesh 1 at (41,22,3)
       Maximum CFL Number    :  0.92E+00 on Mesh 1 at (42,22,3)
       Maximum VN Number     :  0.49E+00 on Mesh 1 at (43,22,4)
       ---------------------------------------------------------------
       Max CFL number:  0.92E+00 at (42,22,3)
       Max divergence:  0.44E+01 at (42,22,3)
       Min divergence: -0.22E-02 at (42,22,2)
       Max VN number :  0.49E+00 at (43,22,4)
 
       Time Step        5   July 24, 2026  14:50:52
       Step Size:  0.799E-01 s, Total Time:    0.39942 s
       Pressure Iterations: 10
       Maximum Velocity Error:  0.11E+00 on Mesh 1 at (40,22,3)
       Maximum Pressure Error:  0.48E+03 on Mesh 1 at (41,22,3)
       Maximum CFL Number    :  0.68E+00 on Mesh 1 at (42,22,3)
       Maximum VN Number     :  0.60E+00 on Mesh 1 at (43,22,4)
       ---------------------------------------------------------------
       Max CFL number:  0.68E+00 at (42,22,3)
       Max divergence:  0.18E+01 at (42,22,4)
       Min divergence: -0.91E+00 at (41,22,3)
       Max VN number :  0.60E+00 at (43,22,4)
 
       Time Step        6   July 24, 2026  14:50:53
       Step Size:  0.799E-01 s, Total Time:    0.47931 s
       Pressure Iterations: 10
       Maximum Velocity Error:  0.95E-01 on Mesh 1 at (43,22,3)
       Maximum Pressure Error:  0.31E+03 on Mesh 1 at (43,22,3)
       Maximum CFL Number    :  0.67E+00 on Mesh 1 at (43,22,4)
       Maximum VN Number     :  0.36E+00 on Mesh 1 at (43,22,4)
       ---------------------------------------------------------------
       Max CFL number:  0.67E+00 at (43,22,4)
       Max divergence:  0.70E+00 at (44,22,4)
       Min divergence: -0.71E+01 at (43,22,3)
       Max VN number :  0.36E+00 at (43,22,4)
 
       Time Step        7   July 24, 2026  14:50:53
       Step Size:  0.711E-01 s, Total Time:    0.55040 s
       Pressure Iterations: 10
       Maximum Velocity Error:  0.14E+00 on Mesh 1 at (43,22,3)
       Maximum Pressure Error:  0.82E+03 on Mesh 1 at (43,22,3)
       Maximum CFL Number    :  0.89E+00 on Mesh 1 at (43,22,4)
       Maximum VN Number     :  0.42E+00 on Mesh 1 at (43,22,5)
       ---------------------------------------------------------------
       Max CFL number:  0.89E+00 at (43,22,4)
       Max divergence:  0.65E+01 at (43,22,3)
       Min divergence: -0.46E+00 at (42,22,5)
       Max VN number :  0.42E+00 at (43,22,5)
 
       Time Step        8   July 24, 2026  14:50:54
       Step Size:  0.711E-01 s, Total Time:    0.62150 s
       Pressure Iterations: 2
       Maximum Velocity Error:  0.16E-01 on Mesh 1 at (40,22,3)
       Maximum Pressure Error:  0.41E+03 on Mesh 1 at (43,22,3)
       Maximum CFL Number    :  0.93E+00 on Mesh 1 at (42,22,4)
       Maximum VN Number     :  0.48E+00 on Mesh 1 at (43,22,5)
       ---------------------------------------------------------------
       Max CFL number:  0.93E+00 at (42,22,4)
       Max divergence:  0.16E+01 at (41,22,4)
       Min divergence: -0.75E+00 at (42,22,5)
       Max VN number :  0.48E+00 at (43,22,5)
 
       Time Step        9   July 24, 2026  14:50:54
       Step Size:  0.637E-01 s, Total Time:    0.68525 s
       Pressure Iterations: 10
       Maximum Velocity Error:  0.41E-01 on Mesh 1 at (40,22,3)
       Maximum Pressure Error:  0.24E+03 on Mesh 1 at (43,22,3)
       Maximum CFL Number    :  0.90E+00 on Mesh 1 at (42,22,4)
       Maximum VN Number     :  0.54E+00 on Mesh 1 at (42,22,5)
       ---------------------------------------------------------------
       Max CFL number:  0.90E+00 at (42,22,4)
       Max divergence:  0.72E+01 at (42,22,3)
       Min divergence: -0.45E+00 at (42,22,5)
       Max VN number :  0.54E+00 at (42,22,5)
 
       Time Step       10   July 24, 2026  14:50:55
       Step Size:  0.546E-01 s, Total Time:    0.73980 s
       Pressure Iterations: 9
       Maximum Velocity Error:  0.36E-01 on Mesh 1 at (40,22,3)
       Maximum Pressure Error:  0.54E+03 on Mesh 1 at (42,22,3)
       Maximum CFL Number    :  0.87E+00 on Mesh 1 at (42,22,6)
       Maximum VN Number     :  0.54E+00 on Mesh 1 at (42,22,5)
       ---------------------------------------------------------------
       Max CFL number:  0.87E+00 at (42,22,6)
       Max divergence:  0.20E+01 at (41,22,4)
       Min divergence: -0.70E+01 at (42,22,3)
       Max VN number :  0.54E+00 at (42,22,5)
 
       Time Step       20   July 24, 2026  14:50:58
       Step Size:  0.474E-01 s, Total Time:    1.24245 s
       Pressure Iterations: 2
       Maximum Velocity Error:  0.38E-01 on Mesh 1 at (40,22,3)
       Maximum Pressure Error:  0.27E+02 on Mesh 1 at (41,22,3)
       Maximum CFL Number    :  0.92E+00 on Mesh 1 at (42,22,9)
       Maximum VN Number     :  0.56E+00 on Mesh 1 at (42,22,9)
       ---------------------------------------------------------------
       Max CFL number:  0.92E+00 at (42,22,9)
       Max divergence:  0.11E+01 at (41,22,4)
       Min divergence: -0.51E+00 at (41,22,7)
       Max VN number :  0.56E+00 at (42,22,9)
 
       Time Step       30   July 24, 2026  14:51:01
       Step Size:  0.466E-02 s, Total Time:    1.31941 s
       Pressure Iterations: 1
       Maximum Velocity Error:  0.38E-01 on Mesh 1 at (40,22,3)
       Maximum Pressure Error:  0.38E+03 on Mesh 1 at (42,22,3)
       Maximum CFL Number    :  0.87E-01 on Mesh 1 at (42,22,11)
       Maximum VN Number     :  0.55E-01 on Mesh 1 at (41,22,10)
       ---------------------------------------------------------------
       Max CFL number:  0.87E-01 at (42,22,11)
       Max divergence:  0.68E+01 at (41,22,4)
       Min divergence: -0.50E+00 at (41,22,7)
       Max VN number :  0.55E-01 at (41,22,10)
       No. of CLIP DT restrictions:  1
 
       Time Step       40   July 24, 2026  14:51:04
       Step Size:  0.121E-01 s, Total Time:    1.40118 s
       Pressure Iterations: 1
       Maximum Velocity Error:  0.18E-01 on Mesh 1 at (42,21,3)
       Maximum Pressure Error:  0.19E+03 on Mesh 1 at (42,22,3)
       Maximum CFL Number    :  0.22E+00 on Mesh 1 at (42,22,10)
       Maximum VN Number     :  0.15E+00 on Mesh 1 at (42,22,11)
       ---------------------------------------------------------------
       Max CFL number:  0.22E+00 at (42,22,10)
       Max divergence:  0.36E+01 at (41,22,4)
       Min divergence: -0.45E+00 at (41,22,5)
       Max VN number :  0.15E+00 at (42,22,11)
 
       Time Step       50   July 24, 2026  14:51:07
       Step Size:  0.314E-01 s, Total Time:    1.61329 s
       Pressure Iterations: 3
       Maximum Velocity Error:  0.39E-01 on Mesh 1 at (43,22,3)
       Maximum Pressure Error:  0.56E+02 on Mesh 1 at (42,22,3)
       Maximum CFL Number    :  0.63E+00 on Mesh 1 at (42,22,12)
       Maximum VN Number     :  0.40E+00 on Mesh 1 at (42,22,13)
       ---------------------------------------------------------------
       Max CFL number:  0.63E+00 at (42,22,12)
       Max divergence:  0.10E+01 at (41,22,4)
       Min divergence: -0.71E+00 at (41,22,6)
       Max VN number :  0.40E+00 at (42,22,13)
 
       Time Step       60   July 24, 2026  14:51:10
       Step Size:  0.389E-01 s, Total Time:    1.93228 s
       Pressure Iterations: 2
       Maximum Velocity Error:  0.34E-01 on Mesh 1 at (40,22,3)
       Maximum Pressure Error:  0.12E+03 on Mesh 1 at (42,22,3)
       Maximum CFL Number    :  0.83E+00 on Mesh 1 at (42,22,17)
       Maximum VN Number     :  0.51E+00 on Mesh 1 at (42,22,16)
       ---------------------------------------------------------------
       Max CFL number:  0.83E+00 at (42,22,17)
       Max divergence:  0.38E+01 at (42,22,4)
       Min divergence: -0.88E+00 at (42,22,5)
       Max VN number :  0.51E+00 at (42,22,16)
 
       Time Step       70   July 24, 2026  14:51:14
       Step Size:  0.181E-02 s, Total Time:    2.05877 s
       Pressure Iterations: 3
       Maximum Velocity Error:  0.25E-01 on Mesh 1 at (43,22,3)
       Maximum Pressure Error:  0.24E+04 on Mesh 1 at (42,22,4)
       Maximum CFL Number    :  0.15E+00 on Mesh 1 at (42,22,4)
       Maximum VN Number     :  0.56E-01 on Mesh 1 at (40,22,3)
       ---------------------------------------------------------------
       Max CFL number:  0.15E+00 at (42,22,4)
       Max divergence:  0.28E+02 at (41,22,4)
       Min divergence: -0.16E+01 at (42,22,6)
       Max VN number :  0.56E-01 at (40,22,3)
       No. of CLIP DT restrictions:  1
 
       Time Step       80   July 24, 2026  14:51:17
       Step Size:  0.469E-02 s, Total Time:    2.09046 s
       Pressure Iterations: 1
       Maximum Velocity Error:  0.32E-01 on Mesh 1 at (43,22,3)
       Maximum Pressure Error:  0.83E+02 on Mesh 1 at (43,22,3)
       Maximum CFL Number    :  0.11E+00 on Mesh 1 at (41,22,4)
       Maximum VN Number     :  0.62E-01 on Mesh 1 at (42,22,18)
       ---------------------------------------------------------------
       Max CFL number:  0.11E+00 at (41,22,4)
       Max divergence:  0.99E+01 at (41,22,4)
       Min divergence: -0.22E+01 at (42,22,5)
       Max VN number :  0.62E-01 at (42,22,18)
 
       Time Step       90   July 24, 2026  14:51:20
       Step Size:  0.122E-01 s, Total Time:    2.17266 s
       Pressure Iterations: 5
       Maximum Velocity Error:  0.37E-01 on Mesh 1 at (43,22,3)
       Maximum Pressure Error:  0.77E+03 on Mesh 1 at (43,22,3)
       Maximum CFL Number    :  0.27E+00 on Mesh 1 at (42,22,6)
       Maximum VN Number     :  0.16E+00 on Mesh 1 at (42,22,6)
       ---------------------------------------------------------------
       Max CFL number:  0.27E+00 at (42,22,6)
       Max divergence:  0.66E+01 at (41,22,4)
       Min divergence: -0.22E+01 at (42,22,6)
       Max VN number :  0.16E+00 at (42,22,6)
 
       Time Step      100   July 24, 2026  14:51:23
       Step Size:  0.315E-01 s, Total Time:    2.38586 s
       Pressure Iterations: 1
       Maximum Velocity Error:  0.32E-01 on Mesh 1 at (43,22,3)
       Maximum Pressure Error:  0.46E+02 on Mesh 1 at (43,22,3)
       Maximum CFL Number    :  0.80E+00 on Mesh 1 at (41,22,7)
       Maximum VN Number     :  0.50E+00 on Mesh 1 at (41,22,7)
       ---------------------------------------------------------------
       Max CFL number:  0.80E+00 at (41,22,7)
       Max divergence:  0.41E+01 at (42,22,4)
       Min divergence: -0.25E+01 at (41,22,6)
       Max VN number :  0.50E+00 at (41,22,7)
 
       Time Step      200   July 24, 2026  14:51:54
       Step Size:  0.317E-01 s, Total Time:    4.61463 s
       Pressure Iterations: 1
       Maximum Velocity Error:  0.19E-01 on Mesh 1 at (43,22,3)
       Maximum Pressure Error:  0.76E+02 on Mesh 1 at (42,22,8)
       Maximum CFL Number    :  0.89E+00 on Mesh 1 at (42,22,8)
       Maximum VN Number     :  0.60E+00 on Mesh 1 at (57,22,25)
       ---------------------------------------------------------------
       Max CFL number:  0.89E+00 at (42,22,8)
       Max divergence:  0.50E+01 at (43,22,4)
       Min divergence: -0.13E+01 at (42,22,7)
       Max VN number :  0.60E+00 at (57,22,25)
       No. of CLIP DT restrictions:  1
 
       Time Step      300   July 24, 2026  14:52:25
       Step Size:  0.257E-01 s, Total Time:    7.30275 s
       Pressure Iterations: 3
       Maximum Velocity Error:  0.38E-01 on Mesh 1 at (43,22,3)
       Maximum Pressure Error:  0.57E+03 on Mesh 1 at (41,22,4)
       Maximum CFL Number    :  0.86E+00 on Mesh 1 at (42,22,14)
       Maximum VN Number     :  0.57E+00 on Mesh 1 at (46,21,25)
       ---------------------------------------------------------------
       Max CFL number:  0.86E+00 at (42,22,14)
       Max divergence:  0.73E+01 at (42,22,4)
       Min divergence: -0.18E+01 at (42,22,5)
       Max VN number :  0.57E+00 at (46,21,25)
 
       Time Step      400   July 24, 2026  14:52:55
       Step Size:  0.273E-01 s, Total Time:    9.71163 s
       Pressure Iterations: 10
       Maximum Velocity Error:  0.92E-01 on Mesh 1 at (40,22,3)
       Maximum Pressure Error:  0.66E+03 on Mesh 1 at (41,22,3)
       Maximum CFL Number    :  0.83E+00 on Mesh 1 at (42,22,4)
       Maximum VN Number     :  0.58E+00 on Mesh 1 at (4,2,25)
       ---------------------------------------------------------------
       Max CFL number:  0.83E+00 at (42,22,4)
       Max divergence:  0.21E+02 at (41,22,3)
       Min divergence: -0.22E+01 at (42,22,5)
       Max VN number :  0.58E+00 at (4,2,25)
 
       Time Step      500   July 24, 2026  14:53:25
       Step Size:  0.156E-01 s, Total Time:   11.65880 s
       Pressure Iterations: 1
       Maximum Velocity Error:  0.71E-02 on Mesh 1 at (43,22,3)
       Maximum Pressure Error:  0.57E+02 on Mesh 1 at (40,22,6)
       Maximum CFL Number    :  0.50E+00 on Mesh 1 at (45,21,25)
       Maximum VN Number     :  0.36E+00 on Mesh 1 at (30,28,25)
       ---------------------------------------------------------------
       Max CFL number:  0.50E+00 at (45,21,25)
       Max divergence:  0.50E+01 at (43,22,4)
       Min divergence: -0.25E+01 at (41,22,7)
       Max VN number :  0.36E+00 at (30,28,25)
 
       Time Step      600   July 24, 2026  14:53:55
       Step Size:  0.218E-01 s, Total Time:   13.91773 s
       Pressure Iterations: 10
       Maximum Velocity Error:  0.45E-01 on Mesh 1 at (43,22,3)
       Maximum Pressure Error:  0.71E+03 on Mesh 1 at (43,22,3)
       Maximum CFL Number    :  0.75E+00 on Mesh 1 at (40,22,7)
       Maximum VN Number     :  0.58E+00 on Mesh 1 at (55,22,25)
       ---------------------------------------------------------------
       Max CFL number:  0.75E+00 at (40,22,7)
       Max divergence:  0.12E+02 at (43,22,3)
       Min divergence: -0.19E+01 at (39,22,6)
       Max VN number :  0.58E+00 at (55,22,25)
 
       Time Step      700   July 24, 2026  14:54:25
       Step Size:  0.215E-01 s, Total Time:   16.18666 s
       Pressure Iterations: 1
       Maximum Velocity Error:  0.35E-01 on Mesh 1 at (40,22,3)
       Maximum Pressure Error:  0.14E+03 on Mesh 1 at (40,22,8)
       Maximum CFL Number    :  0.84E+00 on Mesh 1 at (40,22,6)
       Maximum VN Number     :  0.51E+00 on Mesh 1 at (53,21,25)
       ---------------------------------------------------------------
       Max CFL number:  0.84E+00 at (40,22,6)
       Max divergence:  0.62E+01 at (42,22,4)
       Min divergence: -0.27E+01 at (40,22,7)
       Max VN number :  0.51E+00 at (53,21,25)
 
       Time Step      800   July 24, 2026  14:55:00
       Step Size:  0.245E-01 s, Total Time:   18.10537 s
       Pressure Iterations: 1
       Maximum Velocity Error:  0.37E-01 on Mesh 1 at (43,22,3)
       Maximum Pressure Error:  0.19E+03 on Mesh 1 at (41,22,8)
       Maximum CFL Number    :  0.89E+00 on Mesh 1 at (41,22,8)
       Maximum VN Number     :  0.60E+00 on Mesh 1 at (3,2,25)
       ---------------------------------------------------------------
       Max CFL number:  0.89E+00 at (41,22,8)
       Max divergence:  0.10E+02 at (43,22,4)
       Min divergence: -0.33E+01 at (41,22,7)
       Max VN number :  0.60E+00 at (3,2,25)
       No. of CLIP DT restrictions:  1
 
       Time Step      900   July 24, 2026  14:55:33
       Step Size:  0.244E-01 s, Total Time:   20.50953 s
       Pressure Iterations: 1
       Maximum Velocity Error:  0.26E-01 on Mesh 1 at (43,22,3)
       Maximum Pressure Error:  0.30E+03 on Mesh 1 at (43,22,6)
       Maximum CFL Number    :  0.99E+00 on Mesh 1 at (43,22,5)
       Maximum VN Number     :  0.63E+00 on Mesh 1 at (34,21,25)
       ---------------------------------------------------------------
       Max CFL number:  0.99E+00 at (43,22,5)
       Max divergence:  0.75E+01 at (42,22,4)
       Min divergence: -0.42E+01 at (43,22,6)
       Max VN number :  0.63E+00 at (34,21,25)
 
       Time Step     1000   July 24, 2026  14:56:04
       Step Size:  0.249E-01 s, Total Time:   22.64223 s
       Pressure Iterations: 8
       Maximum Velocity Error:  0.35E-01 on Mesh 1 at (43,22,3)
       Maximum Pressure Error:  0.95E+03 on Mesh 1 at (41,22,3)
       Maximum CFL Number    :  0.91E+00 on Mesh 1 at (42,22,4)
       Maximum VN Number     :  0.57E+00 on Mesh 1 at (34,2,25)
       ---------------------------------------------------------------
       Max CFL number:  0.91E+00 at (42,22,4)
       Max divergence:  0.20E+02 at (43,22,4)
       Min divergence: -0.33E+01 at (42,22,7)
       Max VN number :  0.57E+00 at (34,2,25)
 
       Time Step     1100   July 24, 2026  14:56:44
       Step Size:  0.208E-01 s, Total Time:   24.82784 s
       Pressure Iterations: 10
       Maximum Velocity Error:  0.60E-01 on Mesh 1 at (40,22,3)
       Maximum Pressure Error:  0.13E+04 on Mesh 1 at (41,22,3)
       Maximum CFL Number    :  0.91E+00 on Mesh 1 at (42,22,4)
       Maximum VN Number     :  0.64E+00 on Mesh 1 at (15,22,25)
       ---------------------------------------------------------------
       Max CFL number:  0.91E+00 at (42,22,4)
       Max divergence:  0.12E+02 at (41,22,4)
       Min divergence: -0.24E+01 at (42,22,6)
       Max VN number :  0.64E+00 at (15,22,25)
 
       Time Step     1200   July 24, 2026  14:57:34
       Step Size:  0.224E-01 s, Total Time:   27.05244 s
       Pressure Iterations: 10
       Maximum Velocity Error:  0.63E-01 on Mesh 1 at (43,22,3)
       Maximum Pressure Error:  0.12E+04 on Mesh 1 at (41,22,3)
       Maximum CFL Number    :  0.82E+00 on Mesh 1 at (33,24,25)
       Maximum VN Number     :  0.52E+00 on Mesh 1 at (31,22,25)
       ---------------------------------------------------------------
       Max CFL number:  0.82E+00 at (33,24,25)
       Max divergence:  0.28E+02 at (42,22,4)
       Min divergence: -0.16E+01 at (42,22,6)
       Max VN number :  0.52E+00 at (31,22,25)
 
       Time Step     1300   July 24, 2026  14:58:22
       Step Size:  0.180E-01 s, Total Time:   29.24557 s
       Pressure Iterations: 1
       Maximum Velocity Error:  0.25E-01 on Mesh 1 at (43,22,3)
       Maximum Pressure Error:  0.62E+03 on Mesh 1 at (43,22,5)
       Maximum CFL Number    :  0.87E+00 on Mesh 1 at (43,22,5)
       Maximum VN Number     :  0.42E+00 on Mesh 1 at (52,22,25)
       ---------------------------------------------------------------
       Max CFL number:  0.87E+00 at (43,22,5)
       Max divergence:  0.69E+01 at (43,22,4)
       Min divergence: -0.23E+01 at (43,22,6)
       Max VN number :  0.42E+00 at (52,22,25)
 
       Time Step     1400   July 24, 2026  14:59:04
       Step Size:  0.210E-01 s, Total Time:   31.36791 s
       Pressure Iterations: 10
       Maximum Velocity Error:  0.60E-01 on Mesh 1 at (40,22,3)
       Maximum Pressure Error:  0.17E+04 on Mesh 1 at (41,22,3)
       Maximum CFL Number    :  0.77E+00 on Mesh 1 at (37,22,10)
       Maximum VN Number     :  0.51E+00 on Mesh 1 at (34,24,25)
       ---------------------------------------------------------------
       Max CFL number:  0.77E+00 at (37,22,10)
       Max divergence:  0.11E+02 at (42,22,4)
       Min divergence: -0.31E+01 at (42,22,6)
       Max VN number :  0.51E+00 at (34,24,25)
 
       Time Step     1500   July 24, 2026  14:59:52
       Step Size:  0.126E-01 s, Total Time:   33.09494 s
       Pressure Iterations: 1
       Maximum Velocity Error:  0.11E-01 on Mesh 1 at (43,22,3)
       Maximum Pressure Error:  0.17E+03 on Mesh 1 at (41,22,4)
       Maximum CFL Number    :  0.44E+00 on Mesh 1 at (42,23,16)
       Maximum VN Number     :  0.30E+00 on Mesh 1 at (45,20,25)
       ---------------------------------------------------------------
       Max CFL number:  0.44E+00 at (42,23,16)
       Max divergence:  0.70E+01 at (43,22,4)
       Min divergence: -0.27E+01 at (41,22,7)
       Max VN number :  0.30E+00 at (45,20,25)
       No. of CLIP DT restrictions:  1
 
       Time Step     1600   July 24, 2026  15:00:29
       Step Size:  0.216E-01 s, Total Time:   34.91770 s
       Pressure Iterations: 1
       Maximum Velocity Error:  0.33E-01 on Mesh 1 at (40,22,3)
       Maximum Pressure Error:  0.12E+03 on Mesh 1 at (46,22,8)
       Maximum CFL Number    :  0.85E+00 on Mesh 1 at (45,22,8)
       Maximum VN Number     :  0.61E+00 on Mesh 1 at (32,21,25)
       ---------------------------------------------------------------
       Max CFL number:  0.85E+00 at (45,22,8)
       Max divergence:  0.78E+01 at (42,22,4)
       Min divergence: -0.18E+01 at (46,22,7)
       Max VN number :  0.61E+00 at (32,21,25)
       No. of CLIP DT restrictions:  1
 
       Time Step     1700   July 24, 2026  15:01:04
       Step Size:  0.259E-01 s, Total Time:   37.12435 s
       Pressure Iterations: 10
       Maximum Velocity Error:  0.45E-01 on Mesh 1 at (40,22,3)
       Maximum Pressure Error:  0.69E+03 on Mesh 1 at (41,22,3)
       Maximum CFL Number    :  0.93E+00 on Mesh 1 at (45,22,6)
       Maximum VN Number     :  0.65E+00 on Mesh 1 at (63,21,25)
       ---------------------------------------------------------------
       Max CFL number:  0.93E+00 at (45,22,6)
       Max divergence:  0.83E+01 at (41,22,4)
       Min divergence: -0.37E+01 at (41,22,3)
       Max VN number :  0.65E+00 at (63,21,25)
 
       Time Step     1800   July 24, 2026  15:01:38
       Step Size:  0.204E-01 s, Total Time:   39.30987 s
       Pressure Iterations: 1
       Maximum Velocity Error:  0.57E-02 on Mesh 1 at (43,22,3)
       Maximum Pressure Error:  0.16E+03 on Mesh 1 at (45,22,7)
       Maximum CFL Number    :  0.78E+00 on Mesh 1 at (44,22,7)
       Maximum VN Number     :  0.45E+00 on Mesh 1 at (44,24,25)
       ---------------------------------------------------------------
       Max CFL number:  0.78E+00 at (44,22,7)
       Max divergence:  0.85E+01 at (42,22,4)
       Min divergence: -0.23E+01 at (44,22,8)
       Max VN number :  0.45E+00 at (44,24,25)
 
       Time Step     1900   July 24, 2026  15:02:12
       Step Size:  0.230E-01 s, Total Time:   41.49083 s
       Pressure Iterations: 1
       Maximum Velocity Error:  0.20E-01 on Mesh 1 at (40,22,3)
       Maximum Pressure Error:  0.28E+03 on Mesh 1 at (44,22,7)
       Maximum CFL Number    :  0.96E+00 on Mesh 1 at (44,22,6)
       Maximum VN Number     :  0.68E+00 on Mesh 1 at (42,15,25)
       ---------------------------------------------------------------
       Max CFL number:  0.96E+00 at (44,22,6)
       Max divergence:  0.99E+01 at (42,22,4)
       Min divergence: -0.32E+01 at (44,22,6)
       Max VN number :  0.68E+00 at (42,15,25)
 
       Time Step     2000   July 24, 2026  15:02:41
       Step Size:  0.224E-01 s, Total Time:   43.72933 s
       Pressure Iterations: 1
       Maximum Velocity Error:  0.23E-01 on Mesh 1 at (42,22,2)
       Maximum Pressure Error:  0.18E+03 on Mesh 1 at (43,22,4)
       Maximum CFL Number    :  0.85E+00 on Mesh 1 at (44,22,6)
       Maximum VN Number     :  0.57E+00 on Mesh 1 at (31,21,25)
       ---------------------------------------------------------------
       Max CFL number:  0.85E+00 at (44,22,6)
       Max divergence:  0.77E+01 at (42,22,4)
       Min divergence: -0.24E+01 at (44,22,7)
       Max VN number :  0.57E+00 at (31,21,25)
 
       Time Step     2100   July 24, 2026  15:03:08
       Step Size:  0.236E-01 s, Total Time:   45.95240 s
       Pressure Iterations: 1
       Maximum Velocity Error:  0.24E-01 on Mesh 1 at (40,22,3)
       Maximum Pressure Error:  0.14E+03 on Mesh 1 at (43,22,4)
       Maximum CFL Number    :  0.88E+00 on Mesh 1 at (44,22,5)
       Maximum VN Number     :  0.59E+00 on Mesh 1 at (43,14,25)
       ---------------------------------------------------------------
       Max CFL number:  0.88E+00 at (44,22,5)
       Max divergence:  0.82E+01 at (42,22,4)
       Min divergence: -0.22E+01 at (44,22,6)
       Max VN number :  0.59E+00 at (43,14,25)
 
       Time Step     2200   July 24, 2026  15:03:36
       Step Size:  0.178E-01 s, Total Time:   48.15935 s
       Pressure Iterations: 1
       Maximum Velocity Error:  0.36E-01 on Mesh 1 at (40,22,3)
       Maximum Pressure Error:  0.36E+03 on Mesh 1 at (44,22,4)
       Maximum CFL Number    :  0.79E+00 on Mesh 1 at (34,23,25)
       Maximum VN Number     :  0.52E+00 on Mesh 1 at (32,23,25)
       ---------------------------------------------------------------
       Max CFL number:  0.79E+00 at (34,23,25)
       Max divergence:  0.70E+01 at (44,22,4)
       Min divergence: -0.15E+01 at (42,22,9)
       Max VN number :  0.52E+00 at (32,23,25)
 
       Time Step     2300   July 24, 2026  15:04:04
       Step Size:  0.245E-01 s, Total Time:   50.34170 s
       Pressure Iterations: 3
       Maximum Velocity Error:  0.36E-01 on Mesh 1 at (40,22,3)
       Maximum Pressure Error:  0.50E+03 on Mesh 1 at (43,22,5)
       Maximum CFL Number    :  0.90E+00 on Mesh 1 at (45,23,20)
       Maximum VN Number     :  0.48E+00 on Mesh 1 at (45,15,25)
       ---------------------------------------------------------------
       Max CFL number:  0.90E+00 at (45,23,20)
       Max divergence:  0.13E+02 at (43,22,4)
       Min divergence: -0.12E+01 at (42,22,6)
       Max VN number :  0.48E+00 at (45,15,25)
 
       Time Step     2400   July 24, 2026  15:04:44
       Step Size:  0.242E-01 s, Total Time:   52.61910 s
       Pressure Iterations: 1
       Maximum Velocity Error:  0.24E-01 on Mesh 1 at (40,22,3)
       Maximum Pressure Error:  0.12E+03 on Mesh 1 at (44,22,8)
       Maximum CFL Number    :  0.90E+00 on Mesh 1 at (44,22,7)
       Maximum VN Number     :  0.56E+00 on Mesh 1 at (45,24,25)
       ---------------------------------------------------------------
       Max CFL number:  0.90E+00 at (44,22,7)
       Max divergence:  0.96E+01 at (42,22,4)
       Min divergence: -0.23E+01 at (44,22,8)
       Max VN number :  0.56E+00 at (45,24,25)
 
       Time Step     2500   July 24, 2026  15:05:28
       Step Size:  0.202E-01 s, Total Time:   54.79763 s
       Pressure Iterations: 1
       Maximum Velocity Error:  0.17E-01 on Mesh 1 at (40,22,3)
       Maximum Pressure Error:  0.72E+02 on Mesh 1 at (42,22,4)
       Maximum CFL Number    :  0.87E+00 on Mesh 1 at (38,23,12)
       Maximum VN Number     :  0.54E+00 on Mesh 1 at (34,21,25)
       ---------------------------------------------------------------
       Max CFL number:  0.87E+00 at (38,23,12)
       Max divergence:  0.72E+01 at (42,22,4)
       Min divergence: -0.12E+01 at (46,22,9)
       Max VN number :  0.54E+00 at (34,21,25)
 
       Time Step     2600   July 24, 2026  15:06:00
       Step Size:  0.230E-01 s, Total Time:   57.03112 s
       Pressure Iterations: 6
       Maximum Velocity Error:  0.37E-01 on Mesh 1 at (43,22,3)
       Maximum Pressure Error:  0.73E+03 on Mesh 1 at (41,22,4)
       Maximum CFL Number    :  0.86E+00 on Mesh 1 at (39,23,14)
       Maximum VN Number     :  0.59E+00 on Mesh 1 at (32,25,25)
       ---------------------------------------------------------------
       Max CFL number:  0.86E+00 at (39,23,14)
       Max divergence:  0.12E+02 at (43,22,4)
       Min divergence: -0.38E+01 at (41,22,3)
       Max VN number :  0.59E+00 at (32,25,25)
 
       Time Step     2700   July 24, 2026  15:06:33
       Step Size:  0.188E-01 s, Total Time:   59.33272 s
       Pressure Iterations: 1
       Maximum Velocity Error:  0.16E-01 on Mesh 1 at (40,22,3)
       Maximum Pressure Error:  0.74E+02 on Mesh 1 at (43,23,18)
       Maximum CFL Number    :  0.86E+00 on Mesh 1 at (42,23,17)
       Maximum VN Number     :  0.43E+00 on Mesh 1 at (7,1,23)
       ---------------------------------------------------------------
       Max CFL number:  0.86E+00 at (42,23,17)
       Max divergence:  0.58E+01 at (42,22,4)
       Min divergence: -0.11E+01 at (46,22,7)
       Max VN number :  0.43E+00 at (7,1,23)
 
       Time Step     2800   July 24, 2026  15:07:06
       Step Size:  0.228E-01 s, Total Time:   61.41658 s
       Pressure Iterations: 1
       Maximum Velocity Error:  0.23E-01 on Mesh 1 at (43,22,3)
       Maximum Pressure Error:  0.78E+02 on Mesh 1 at (42,22,4)
       Maximum CFL Number    :  0.79E+00 on Mesh 1 at (45,22,9)
       Maximum VN Number     :  0.63E+00 on Mesh 1 at (33,20,25)
       ---------------------------------------------------------------
       Max CFL number:  0.79E+00 at (45,22,9)
       Max divergence:  0.90E+01 at (42,22,4)
       Min divergence: -0.99E+00 at (46,22,8)
       Max VN number :  0.63E+00 at (33,20,25)
 
       Time Step     2900   July 24, 2026  15:07:40
       Step Size:  0.232E-01 s, Total Time:   63.63847 s
       Pressure Iterations: 9
       Maximum Velocity Error:  0.36E-01 on Mesh 1 at (40,22,3)
       Maximum Pressure Error:  0.45E+03 on Mesh 1 at (42,22,4)
       Maximum CFL Number    :  0.82E+00 on Mesh 1 at (45,22,7)
       Maximum VN Number     :  0.45E+00 on Mesh 1 at (82,4,25)
       ---------------------------------------------------------------
       Max CFL number:  0.82E+00 at (45,22,7)
       Max divergence:  0.12E+02 at (43,22,4)
       Min divergence: -0.29E+01 at (41,22,3)
       Max VN number :  0.45E+00 at (82,4,25)
 
       Time Step     3000   July 24, 2026  15:08:14
       Step Size:  0.219E-01 s, Total Time:   65.96672 s
       Pressure Iterations: 2
       Maximum Velocity Error:  0.36E-01 on Mesh 1 at (40,22,3)
       Maximum Pressure Error:  0.12E+03 on Mesh 1 at (45,22,7)
       Maximum CFL Number    :  0.77E+00 on Mesh 1 at (44,22,7)
       Maximum VN Number     :  0.47E+00 on Mesh 1 at (30,25,25)
       ---------------------------------------------------------------
       Max CFL number:  0.77E+00 at (44,22,7)
       Max divergence:  0.90E+01 at (41,22,4)
       Min divergence: -0.18E+01 at (45,22,7)
       Max VN number :  0.47E+00 at (30,25,25)
 
       Time Step     3100   July 24, 2026  15:08:45
       Step Size:  0.239E-01 s, Total Time:   68.14624 s
       Pressure Iterations: 1
       Maximum Velocity Error:  0.36E-01 on Mesh 1 at (40,22,3)
       Maximum Pressure Error:  0.29E+03 on Mesh 1 at (44,22,8)
       Maximum CFL Number    :  0.93E+00 on Mesh 1 at (44,22,6)
       Maximum VN Number     :  0.58E+00 on Mesh 1 at (30,23,25)
       ---------------------------------------------------------------
       Max CFL number:  0.93E+00 at (44,22,6)
       Max divergence:  0.98E+01 at (42,22,4)
       Min divergence: -0.31E+01 at (44,22,7)
       Max VN number :  0.58E+00 at (30,23,25)
 
       Time Step     3200   July 24, 2026  15:09:20
       Step Size:  0.195E-01 s, Total Time:   70.31903 s
       Pressure Iterations: 1
       Maximum Velocity Error:  0.18E-01 on Mesh 1 at (40,22,3)
       Maximum Pressure Error:  0.15E+03 on Mesh 1 at (45,22,6)
       Maximum CFL Number    :  0.83E+00 on Mesh 1 at (44,22,6)
       Maximum VN Number     :  0.60E+00 on Mesh 1 at (63,20,25)
       ---------------------------------------------------------------
       Max CFL number:  0.83E+00 at (44,22,6)
       Max divergence:  0.72E+01 at (42,22,4)
       Min divergence: -0.30E+01 at (44,22,7)
       Max VN number :  0.60E+00 at (63,20,25)
 
       Time Step     3300   July 24, 2026  15:10:00
       Step Size:  0.191E-01 s, Total Time:   72.55787 s
       Pressure Iterations: 1
       Maximum Velocity Error:  0.29E-01 on Mesh 1 at (40,22,3)
       Maximum Pressure Error:  0.24E+03 on Mesh 1 at (44,22,7)
       Maximum CFL Number    :  0.87E+00 on Mesh 1 at (44,22,6)
       Maximum VN Number     :  0.40E+00 on Mesh 1 at (43,22,8)
       ---------------------------------------------------------------
       Max CFL number:  0.87E+00 at (44,22,6)
       Max divergence:  0.97E+01 at (42,22,4)
       Min divergence: -0.39E+01 at (44,22,7)
       Max VN number :  0.40E+00 at (43,22,8)
 
       Time Step     3400   July 24, 2026  15:10:35
       Step Size:  0.125E-01 s, Total Time:   74.19382 s
       Pressure Iterations: 1
       Maximum Velocity Error:  0.92E-02 on Mesh 1 at (40,22,3)
       Maximum Pressure Error:  0.61E+02 on Mesh 1 at (41,22,6)
       Maximum CFL Number    :  0.45E+00 on Mesh 1 at (59,21,25)
       Maximum VN Number     :  0.32E+00 on Mesh 1 at (55,24,25)
       ---------------------------------------------------------------
       Max CFL number:  0.45E+00 at (59,21,25)
       Max divergence:  0.64E+01 at (43,22,4)
       Min divergence: -0.32E+01 at (40,22,6)
       Max VN number :  0.32E+00 at (55,24,25)
       No. of CLIP DT restrictions:  1
 
       Time Step     3500   July 24, 2026  15:11:02
       Step Size:  0.243E-01 s, Total Time:   76.43741 s
       Pressure Iterations: 1
       Maximum Velocity Error:  0.12E-01 on Mesh 1 at (43,22,3)
       Maximum Pressure Error:  0.15E+03 on Mesh 1 at (42,22,4)
       Maximum CFL Number    :  0.92E+00 on Mesh 1 at (42,22,15)
       Maximum VN Number     :  0.51E+00 on Mesh 1 at (31,17,25)
       ---------------------------------------------------------------
       Max CFL number:  0.92E+00 at (42,22,15)
       Max divergence:  0.68E+01 at (41,22,4)
       Min divergence: -0.17E+01 at (39,22,9)
       Max VN number :  0.51E+00 at (31,17,25)
 
       Time Step     3600   July 24, 2026  15:11:28
       Step Size:  0.287E-02 s, Total Time:   78.51319 s
       Pressure Iterations: 3
       Maximum Velocity Error:  0.36E-01 on Mesh 1 at (43,22,3)
       Maximum Pressure Error:  0.17E+04 on Mesh 1 at (41,22,5)
       Maximum CFL Number    :  0.10E+00 on Mesh 1 at (44,21,14)
       Maximum VN Number     :  0.82E-01 on Mesh 1 at (15,25,25)
       ---------------------------------------------------------------
       Max CFL number:  0.10E+00 at (44,21,14)
       Max divergence:  0.13E+02 at (40,22,4)
       Min divergence: -0.43E+01 at (41,22,7)
       Max VN number :  0.82E-01 at (15,25,25)
       No. of CLIP DT restrictions:  1
 
       Time Step     3700   July 24, 2026  15:11:52
       Step Size:  0.207E-01 s, Total Time:   79.92531 s
       Pressure Iterations: 1
       Maximum Velocity Error:  0.36E-01 on Mesh 1 at (40,22,3)
       Maximum Pressure Error:  0.16E+03 on Mesh 1 at (42,22,9)
       Maximum CFL Number    :  0.84E+00 on Mesh 1 at (42,22,8)
       Maximum VN Number     :  0.54E+00 on Mesh 1 at (48,23,25)
       ---------------------------------------------------------------
       Max CFL number:  0.84E+00 at (42,22,8)
       Max divergence:  0.82E+01 at (42,22,4)
       Min divergence: -0.44E+01 at (43,22,7)
       Max VN number :  0.54E+00 at (48,23,25)
       No. of CLIP DT restrictions:  1
 
       Time Step     3800   July 24, 2026  15:12:16
       Step Size:  0.234E-01 s, Total Time:   82.06920 s
       Pressure Iterations: 1
       Maximum Velocity Error:  0.22E-02 on Mesh 1 at (40,22,3)
       Maximum Pressure Error:  0.43E+02 on Mesh 1 at (42,21,6)
       Maximum CFL Number    :  0.89E+00 on Mesh 1 at (48,21,16)
       Maximum VN Number     :  0.65E+00 on Mesh 1 at (63,15,25)
       ---------------------------------------------------------------
       Max CFL number:  0.89E+00 at (48,21,16)
       Max divergence:  0.78E+01 at (43,22,4)
       Min divergence: -0.17E+01 at (42,22,8)
       Max VN number :  0.65E+00 at (63,15,25)
 
       Time Step     3900   July 24, 2026  15:12:41
       Step Size:  0.194E-01 s, Total Time:   84.25617 s
       Pressure Iterations: 10
       Maximum Velocity Error:  0.39E-01 on Mesh 1 at (43,22,3)
       Maximum Pressure Error:  0.64E+03 on Mesh 1 at (43,22,3)
       Maximum CFL Number    :  0.68E+00 on Mesh 1 at (32,20,25)
       Maximum VN Number     :  0.46E+00 on Mesh 1 at (66,23,25)
       ---------------------------------------------------------------
       Max CFL number:  0.68E+00 at (32,20,25)
       Max divergence:  0.97E+01 at (40,22,4)
       Min divergence: -0.45E+01 at (41,22,6)
       Max VN number :  0.46E+00 at (66,23,25)
 
       Time Step     4000   July 24, 2026  15:13:06
       Step Size:  0.268E-01 s, Total Time:   86.45492 s
       Pressure Iterations: 1
       Maximum Velocity Error:  0.34E-01 on Mesh 1 at (41,22,2)
       Maximum Pressure Error:  0.36E+03 on Mesh 1 at (41,22,6)
       Maximum CFL Number    :  0.90E+00 on Mesh 1 at (50,23,25)
       Maximum VN Number     :  0.71E+00 on Mesh 1 at (68,29,25)
       ---------------------------------------------------------------
       Max CFL number:  0.90E+00 at (50,23,25)
       Max divergence:  0.84E+01 at (42,22,4)
       Min divergence: -0.11E+01 at (42,22,3)
       Max VN number :  0.71E+00 at (68,29,25)
 
       Time Step     4100   July 24, 2026  15:13:31
       Step Size:  0.276E-01 s, Total Time:   88.64407 s
       Pressure Iterations: 1
       Maximum Velocity Error:  0.28E-01 on Mesh 1 at (41,22,2)
       Maximum Pressure Error:  0.56E+03 on Mesh 1 at (41,22,4)
       Maximum CFL Number    :  0.98E+00 on Mesh 1 at (42,22,4)
       Maximum VN Number     :  0.67E+00 on Mesh 1 at (41,21,25)
       ---------------------------------------------------------------
       Max CFL number:  0.98E+00 at (42,22,4)
       Max divergence:  0.10E+02 at (41,22,4)
       Min divergence: -0.25E+01 at (42,22,6)
       Max VN number :  0.67E+00 at (41,21,25)
 
       Time Step     4200   July 24, 2026  15:13:56
       Step Size:  0.235E-01 s, Total Time:   90.87583 s
       Pressure Iterations: 1
       Maximum Velocity Error:  0.38E-01 on Mesh 1 at (43,22,3)
       Maximum Pressure Error:  0.52E+02 on Mesh 1 at (42,22,8)
       Maximum CFL Number    :  0.89E+00 on Mesh 1 at (46,22,10)
       Maximum VN Number     :  0.70E+00 on Mesh 1 at (37,27,25)
       ---------------------------------------------------------------
       Max CFL number:  0.89E+00 at (46,22,10)
       Max divergence:  0.11E+02 at (41,22,4)
       Min divergence: -0.24E+01 at (42,22,7)
       Max VN number :  0.70E+00 at (37,27,25)
 
       Time Step     4300   July 24, 2026  15:14:20
       Step Size:  0.200E-01 s, Total Time:   93.17536 s
       Pressure Iterations: 1
       Maximum Velocity Error:  0.14E-01 on Mesh 1 at (40,22,3)
       Maximum Pressure Error:  0.17E+03 on Mesh 1 at (45,22,8)
       Maximum CFL Number    :  0.81E+00 on Mesh 1 at (44,22,9)
       Maximum VN Number     :  0.45E+00 on Mesh 1 at (44,22,9)
       ---------------------------------------------------------------
       Max CFL number:  0.81E+00 at (44,22,9)
       Max divergence:  0.77E+01 at (41,22,4)
       Min divergence: -0.28E+01 at (45,22,8)
       Max VN number :  0.45E+00 at (44,22,9)
 
       Time Step     4400   July 24, 2026  15:14:45
       Step Size:  0.249E-01 s, Total Time:   95.45825 s
       Pressure Iterations: 1
       Maximum Velocity Error:  0.16E-01 on Mesh 1 at (43,22,2)
       Maximum Pressure Error:  0.34E+03 on Mesh 1 at (43,22,4)
       Maximum CFL Number    :  0.85E+00 on Mesh 1 at (48,21,25)
       Maximum VN Number     :  0.63E+00 on Mesh 1 at (30,24,25)
       ---------------------------------------------------------------
       Max CFL number:  0.85E+00 at (48,21,25)
       Max divergence:  0.10E+02 at (43,22,4)
       Min divergence: -0.19E+01 at (42,22,7)
       Max VN number :  0.63E+00 at (30,24,25)
 
       Time Step     4500   July 24, 2026  15:15:09
       Step Size:  0.220E-01 s, Total Time:   97.76748 s
       Pressure Iterations: 1
       Maximum Velocity Error:  0.69E-02 on Mesh 1 at (40,22,3)
       Maximum Pressure Error:  0.63E+02 on Mesh 1 at (42,21,8)
       Maximum CFL Number    :  0.87E+00 on Mesh 1 at (41,21,9)
       Maximum VN Number     :  0.63E+00 on Mesh 1 at (48,20,25)
       ---------------------------------------------------------------
       Max CFL number:  0.87E+00 at (41,21,9)
       Max divergence:  0.11E+02 at (43,22,4)
       Min divergence: -0.17E+01 at (42,22,7)
       Max VN number :  0.63E+00 at (48,20,25)
 
       Time Step     4600   July 24, 2026  15:15:33
       Step Size:  0.160E-01 s, Total Time:   99.77211 s
       Pressure Iterations: 1
       Maximum Velocity Error:  0.36E-02 on Mesh 1 at (42,21,3)
       Maximum Pressure Error:  0.12E+03 on Mesh 1 at (45,22,9)
       Maximum CFL Number    :  0.88E+00 on Mesh 1 at (53,22,25)
       Maximum VN Number     :  0.62E+00 on Mesh 1 at (48,25,25)
       ---------------------------------------------------------------
       Max CFL number:  0.88E+00 at (53,22,25)
       Max divergence:  0.66E+01 at (42,22,4)
       Min divergence: -0.26E+01 at (44,22,10)
       Max VN number :  0.62E+00 at (48,25,25)
 
       Time Step     4700   July 24, 2026  15:16:00
       Step Size:  0.211E-01 s, Total Time:  101.82984 s
       Pressure Iterations: 1
       Maximum Velocity Error:  0.14E-01 on Mesh 1 at (40,22,3)
       Maximum Pressure Error:  0.25E+03 on Mesh 1 at (41,22,4)
       Maximum CFL Number    :  0.88E+00 on Mesh 1 at (44,22,8)
       Maximum VN Number     :  0.71E+00 on Mesh 1 at (33,20,25)
       ---------------------------------------------------------------
       Max CFL number:  0.88E+00 at (44,22,8)
       Max divergence:  0.79E+01 at (42,22,4)
       Min divergence: -0.23E+01 at (45,22,7)
       Max VN number :  0.71E+00 at (33,20,25)
 
       Time Step     4800   July 24, 2026  15:16:27
       Step Size:  0.203E-01 s, Total Time:  104.14395 s
       Pressure Iterations: 1
       Maximum Velocity Error:  0.95E-02 on Mesh 1 at (43,22,3)
       Maximum Pressure Error:  0.31E+03 on Mesh 1 at (40,22,8)
       Maximum CFL Number    :  0.85E+00 on Mesh 1 at (40,22,7)
       Maximum VN Number     :  0.60E+00 on Mesh 1 at (33,23,25)
       ---------------------------------------------------------------
       Max CFL number:  0.85E+00 at (40,22,7)
       Max divergence:  0.75E+01 at (42,22,4)
       Min divergence: -0.53E+01 at (40,22,7)
       Max VN number :  0.60E+00 at (33,23,25)
 
       Time Step     4900   July 24, 2026  15:16:53
       Step Size:  0.243E-01 s, Total Time:  106.26481 s
       Pressure Iterations: 1
       Maximum Velocity Error:  0.34E-01 on Mesh 1 at (43,22,3)
       Maximum Pressure Error:  0.14E+03 on Mesh 1 at (41,22,7)
       Maximum CFL Number    :  0.91E+00 on Mesh 1 at (41,22,6)
       Maximum VN Number     :  0.69E+00 on Mesh 1 at (3,39,25)
       ---------------------------------------------------------------
       Max CFL number:  0.91E+00 at (41,22,6)
       Max divergence:  0.56E+01 at (40,22,4)
       Min divergence: -0.48E+01 at (41,22,7)
       Max VN number :  0.69E+00 at (3,39,25)
 
       Time Step     5000   July 24, 2026  15:17:18
       Step Size:  0.237E-01 s, Total Time:  108.48961 s
       Pressure Iterations: 10
       Maximum Velocity Error:  0.61E-01 on Mesh 1 at (40,22,3)
       Maximum Pressure Error:  0.11E+04 on Mesh 1 at (41,22,3)
       Maximum CFL Number    :  0.89E+00 on Mesh 1 at (42,22,4)
       Maximum VN Number     :  0.48E+00 on Mesh 1 at (31,21,25)
       ---------------------------------------------------------------
       Max CFL number:  0.89E+00 at (42,22,4)
       Max divergence:  0.29E+02 at (42,22,4)
       Min divergence: -0.20E+01 at (42,22,6)
       Max VN number :  0.48E+00 at (31,21,25)
 
       Time Step     5100   July 24, 2026  15:17:42
       Step Size:  0.241E-01 s, Total Time:  110.81876 s
       Pressure Iterations: 1
       Maximum Velocity Error:  0.74E-02 on Mesh 1 at (40,22,3)
       Maximum Pressure Error:  0.14E+03 on Mesh 1 at (43,22,7)
       Maximum CFL Number    :  0.83E+00 on Mesh 1 at (42,22,10)
       Maximum VN Number     :  0.52E+00 on Mesh 1 at (58,2,25)
       ---------------------------------------------------------------
       Max CFL number:  0.83E+00 at (42,22,10)
       Max divergence:  0.55E+01 at (42,22,4)
       Min divergence: -0.50E+01 at (43,22,7)
       Max VN number :  0.52E+00 at (58,2,25)
 
       Time Step     5200   July 24, 2026  15:18:07
       Step Size:  0.223E-01 s, Total Time:  113.10552 s
       Pressure Iterations: 1
       Maximum Velocity Error:  0.26E-01 on Mesh 1 at (43,22,3)
       Maximum Pressure Error:  0.18E+03 on Mesh 1 at (44,22,8)
       Maximum CFL Number    :  0.90E+00 on Mesh 1 at (44,22,6)
       Maximum VN Number     :  0.60E+00 on Mesh 1 at (45,24,25)
       ---------------------------------------------------------------
       Max CFL number:  0.90E+00 at (44,22,6)
       Max divergence:  0.74E+01 at (42,22,4)
       Min divergence: -0.29E+01 at (44,22,7)
       Max VN number :  0.60E+00 at (45,24,25)
 
       Time Step     5300   July 24, 2026  15:18:32
       Step Size:  0.240E-01 s, Total Time:  115.52242 s
       Pressure Iterations: 5
       Maximum Velocity Error:  0.39E-01 on Mesh 1 at (43,22,3)
       Maximum Pressure Error:  0.28E+03 on Mesh 1 at (41,22,4)
       Maximum CFL Number    :  0.87E+00 on Mesh 1 at (61,22,25)
       Maximum VN Number     :  0.65E+00 on Mesh 1 at (60,22,25)
       ---------------------------------------------------------------
       Max CFL number:  0.87E+00 at (61,22,25)
       Max divergence:  0.16E+02 at (43,22,4)
       Min divergence: -0.29E+01 at (41,22,3)
       Max VN number :  0.65E+00 at (60,22,25)
 
       Time Step     5400   July 24, 2026  15:18:57
       Step Size:  0.221E-01 s, Total Time:  117.65631 s
       Pressure Iterations: 1
       Maximum Velocity Error:  0.21E-01 on Mesh 1 at (40,22,3)
       Maximum Pressure Error:  0.54E+02 on Mesh 1 at (37,22,18)
       Maximum CFL Number    :  0.86E+00 on Mesh 1 at (37,22,17)
       Maximum VN Number     :  0.58E+00 on Mesh 1 at (63,20,25)
       ---------------------------------------------------------------
       Max CFL number:  0.86E+00 at (37,22,17)
       Max divergence:  0.88E+01 at (42,22,4)
       Min divergence: -0.13E+01 at (43,22,7)
       Max VN number :  0.58E+00 at (63,20,25)
 
       Time Step     5500   July 24, 2026  15:19:23
       Step Size:  0.218E-01 s, Total Time:  119.96302 s
       Pressure Iterations: 2
       Maximum Velocity Error:  0.37E-01 on Mesh 1 at (40,22,3)
       Maximum Pressure Error:  0.20E+03 on Mesh 1 at (44,22,5)
       Maximum CFL Number    :  0.89E+00 on Mesh 1 at (44,22,5)
       Maximum VN Number     :  0.78E+00 on Mesh 1 at (45,23,25)
       ---------------------------------------------------------------
       Max CFL number:  0.89E+00 at (44,22,5)
       Max divergence:  0.90E+01 at (42,22,4)
       Min divergence: -0.38E+01 at (44,22,6)
       Max VN number :  0.78E+00 at (45,23,25)
 
       Time Step     5600   July 24, 2026  15:19:48
       Step Size:  0.205E-01 s, Total Time:  122.08668 s
       Pressure Iterations: 10
       Maximum Velocity Error:  0.53E-01 on Mesh 1 at (40,22,3)
       Maximum Pressure Error:  0.16E+04 on Mesh 1 at (41,22,3)
       Maximum CFL Number    :  0.76E+00 on Mesh 1 at (45,21,16)
       Maximum VN Number     :  0.43E+00 on Mesh 1 at (31,19,25)
       ---------------------------------------------------------------
       Max CFL number:  0.76E+00 at (45,21,16)
       Max divergence:  0.14E+02 at (41,22,4)
       Min divergence: -0.12E+01 at (42,22,6)
       Max VN number :  0.43E+00 at (31,19,25)
 
       Time Step     5700   July 24, 2026  15:20:13
       Step Size:  0.199E-01 s, Total Time:  124.26475 s
       Pressure Iterations: 1
       Maximum Velocity Error:  0.25E-01 on Mesh 1 at (40,22,3)
       Maximum Pressure Error:  0.18E+03 on Mesh 1 at (43,22,7)
       Maximum CFL Number    :  0.81E+00 on Mesh 1 at (42,22,7)
       Maximum VN Number     :  0.49E+00 on Mesh 1 at (42,22,8)
       ---------------------------------------------------------------
       Max CFL number:  0.81E+00 at (42,22,7)
       Max divergence:  0.61E+01 at (43,22,4)
       Min divergence: -0.30E+01 at (42,22,8)
       Max VN number :  0.49E+00 at (42,22,8)
 
       Time Step     5800   July 24, 2026  15:20:37
       Step Size:  0.216E-01 s, Total Time:  126.32262 s
       Pressure Iterations: 1
       Maximum Velocity Error:  0.17E-01 on Mesh 1 at (43,22,3)
       Maximum Pressure Error:  0.13E+03 on Mesh 1 at (46,22,9)
       Maximum CFL Number    :  0.86E+00 on Mesh 1 at (46,22,8)
       Maximum VN Number     :  0.71E+00 on Mesh 1 at (28,23,25)
       ---------------------------------------------------------------
       Max CFL number:  0.86E+00 at (46,22,8)
       Max divergence:  0.79E+01 at (41,22,4)
       Min divergence: -0.18E+01 at (46,22,8)
       Max VN number :  0.71E+00 at (28,23,25)
 
       Time Step     5900   July 24, 2026  15:21:02
       Step Size:  0.216E-01 s, Total Time:  128.44244 s
       Pressure Iterations: 1
       Maximum Velocity Error:  0.28E-01 on Mesh 1 at (43,22,3)
       Maximum Pressure Error:  0.41E+03 on Mesh 1 at (41,22,5)
       Maximum CFL Number    :  0.92E+00 on Mesh 1 at (41,22,7)
       Maximum VN Number     :  0.70E+00 on Mesh 1 at (21,23,25)
       ---------------------------------------------------------------
       Max CFL number:  0.92E+00 at (41,22,7)
       Max divergence:  0.14E+02 at (41,22,4)
       Min divergence: -0.74E+01 at (41,22,7)
       Max VN number :  0.70E+00 at (21,23,25)
 
       Time Step     6000   July 24, 2026  15:21:28
       Step Size:  0.246E-01 s, Total Time:  130.45185 s
       Pressure Iterations: 1
       Maximum Velocity Error:  0.10E-01 on Mesh 1 at (40,22,3)
       Maximum Pressure Error:  0.25E+03 on Mesh 1 at (42,22,4)
       Maximum CFL Number    :  0.85E+00 on Mesh 1 at (46,22,18)
       Maximum VN Number     :  0.55E+00 on Mesh 1 at (27,22,25)
       ---------------------------------------------------------------
       Max CFL number:  0.85E+00 at (46,22,18)
       Max divergence:  0.63E+01 at (42,22,4)
       Min divergence: -0.12E+01 at (45,22,10)
       Max VN number :  0.55E+00 at (27,22,25)
 
       Time Step     6100   July 24, 2026  15:21:54
       Step Size:  0.199E-01 s, Total Time:  132.37002 s
       Pressure Iterations: 1
       Maximum Velocity Error:  0.17E-01 on Mesh 1 at (40,22,3)
       Maximum Pressure Error:  0.22E+03 on Mesh 1 at (44,22,7)
       Maximum CFL Number    :  0.79E+00 on Mesh 1 at (43,22,6)
       Maximum VN Number     :  0.50E+00 on Mesh 1 at (36,23,25)
       ---------------------------------------------------------------
       Max CFL number:  0.79E+00 at (43,22,6)
       Max divergence:  0.10E+02 at (41,22,4)
       Min divergence: -0.30E+01 at (44,22,6)
       Max VN number :  0.50E+00 at (36,23,25)
 
       Time Step     6200   July 24, 2026  15:22:19
       Step Size:  0.209E-01 s, Total Time:  134.62013 s
       Pressure Iterations: 1
       Maximum Velocity Error:  0.34E-01 on Mesh 1 at (40,22,3)
       Maximum Pressure Error:  0.10E+03 on Mesh 1 at (41,22,4)
       Maximum CFL Number    :  0.82E+00 on Mesh 1 at (45,23,25)
       Maximum VN Number     :  0.46E+00 on Mesh 1 at (10,22,25)
       ---------------------------------------------------------------
       Max CFL number:  0.82E+00 at (45,23,25)
       Max divergence:  0.64E+01 at (41,22,4)
       Min divergence: -0.19E+01 at (42,21,8)
       Max VN number :  0.46E+00 at (10,22,25)
 
       Time Step     6300   July 24, 2026  15:22:43
       Step Size:  0.243E-01 s, Total Time:  136.92627 s
       Pressure Iterations: 1
       Maximum Velocity Error:  0.20E-01 on Mesh 1 at (43,22,3)
       Maximum Pressure Error:  0.16E+03 on Mesh 1 at (41,22,4)
       Maximum CFL Number    :  0.91E+00 on Mesh 1 at (40,22,10)
       Maximum VN Number     :  0.53E+00 on Mesh 1 at (8,1,17)
       ---------------------------------------------------------------
       Max CFL number:  0.91E+00 at (40,22,10)
       Max divergence:  0.11E+02 at (43,22,4)
       Min divergence: -0.28E+01 at (40,22,7)
       Max VN number :  0.53E+00 at (8,1,17)
 
       Time Step     6400   July 24, 2026  15:23:07
       Step Size:  0.213E-01 s, Total Time:  139.12043 s
       Pressure Iterations: 6
       Maximum Velocity Error:  0.39E-01 on Mesh 1 at (40,22,3)
       Maximum Pressure Error:  0.57E+03 on Mesh 1 at (42,22,5)
       Maximum CFL Number    :  0.92E+00 on Mesh 1 at (42,22,4)
       Maximum VN Number     :  0.57E+00 on Mesh 1 at (4,22,25)
       ---------------------------------------------------------------
       Max CFL number:  0.92E+00 at (42,22,4)
       Max divergence:  0.16E+02 at (42,22,4)
       Min divergence: -0.25E+01 at (38,22,9)
       Max VN number :  0.57E+00 at (4,22,25)
 
       Time Step     6500   July 24, 2026  15:23:31
       Step Size:  0.245E-01 s, Total Time:  141.20902 s
       Pressure Iterations: 1
       Maximum Velocity Error:  0.33E-01 on Mesh 1 at (43,22,3)
       Maximum Pressure Error:  0.14E+03 on Mesh 1 at (43,22,4)
       Maximum CFL Number    :  0.78E+00 on Mesh 1 at (41,22,11)
       Maximum VN Number     :  0.52E+00 on Mesh 1 at (27,22,25)
       ---------------------------------------------------------------
       Max CFL number:  0.78E+00 at (41,22,11)
       Max divergence:  0.67E+01 at (43,22,4)
       Min divergence: -0.16E+01 at (41,22,6)
       Max VN number :  0.52E+00 at (27,22,25)
 
       Time Step     6600   July 24, 2026  15:23:57
       Step Size:  0.229E-01 s, Total Time:  143.35689 s
       Pressure Iterations: 10
       Maximum Velocity Error:  0.44E-01 on Mesh 1 at (40,22,3)
       Maximum Pressure Error:  0.55E+03 on Mesh 1 at (41,22,3)
       Maximum CFL Number    :  0.86E+00 on Mesh 1 at (42,22,4)
       Maximum VN Number     :  0.57E+00 on Mesh 1 at (38,23,25)
       ---------------------------------------------------------------
       Max CFL number:  0.86E+00 at (42,22,4)
       Max divergence:  0.10E+02 at (43,22,5)
       Min divergence: -0.14E+01 at (39,22,10)
       Max VN number :  0.57E+00 at (38,23,25)
 
       Time Step     6700   July 24, 2026  15:24:24
       Step Size:  0.885E-03 s, Total Time:  145.38983 s
       Pressure Iterations: 10
       Maximum Velocity Error:  0.49E-01 on Mesh 1 at (40,22,3)
       Maximum Pressure Error:  0.21E+04 on Mesh 1 at (41,22,3)
       Maximum CFL Number    :  0.89E-01 on Mesh 1 at (41,22,3)
       Maximum VN Number     :  0.19E-01 on Mesh 1 at (74,6,25)
       ---------------------------------------------------------------
       Max CFL number:  0.89E-01 at (41,22,3)
       Max divergence:  0.53E+02 at (41,22,3)
       Min divergence: -0.31E+01 at (42,22,6)
       Max VN number :  0.19E-01 at (74,6,25)
       No. of CLIP DT restrictions:  1
 
       Time Step     6800   July 24, 2026  15:24:50
       Step Size:  0.112E-01 s, Total Time:  146.55065 s
       Pressure Iterations: 1
       Maximum Velocity Error:  0.51E-02 on Mesh 1 at (40,22,3)
       Maximum Pressure Error:  0.82E+02 on Mesh 1 at (44,22,6)
       Maximum CFL Number    :  0.41E+00 on Mesh 1 at (37,23,25)
       Maximum VN Number     :  0.25E+00 on Mesh 1 at (59,23,25)
       ---------------------------------------------------------------
       Max CFL number:  0.41E+00 at (37,23,25)
       Max divergence:  0.78E+01 at (41,22,4)
       Min divergence: -0.28E+01 at (43,22,6)
       Max VN number :  0.25E+00 at (59,23,25)
       No. of CLIP DT restrictions:  1
 
       Time Step     6900   July 24, 2026  15:25:15
       Step Size:  0.212E-01 s, Total Time:  148.63910 s
       Pressure Iterations: 2
       Maximum Velocity Error:  0.18E-01 on Mesh 1 at (43,22,3)
       Maximum Pressure Error:  0.50E+03 on Mesh 1 at (41,22,6)
       Maximum CFL Number    :  0.96E+00 on Mesh 1 at (42,22,7)
       Maximum VN Number     :  0.63E+00 on Mesh 1 at (2,20,25)
       ---------------------------------------------------------------
       Max CFL number:  0.96E+00 at (42,22,7)
       Max divergence:  0.12E+02 at (44,22,4)
       Min divergence: -0.20E+01 at (41,22,3)
       Max VN number :  0.63E+00 at (2,20,25)
 
       Time Step     7000   July 24, 2026  15:25:40
       Step Size:  0.168E-01 s, Total Time:  150.76022 s
       Pressure Iterations: 1
       Maximum Velocity Error:  0.25E-01 on Mesh 1 at (40,22,3)
       Maximum Pressure Error:  0.38E+03 on Mesh 1 at (44,22,8)
       Maximum CFL Number    :  0.84E+00 on Mesh 1 at (44,22,7)
       Maximum VN Number     :  0.51E+00 on Mesh 1 at (43,22,9)
       ---------------------------------------------------------------
       Max CFL number:  0.84E+00 at (44,22,7)
       Max divergence:  0.11E+02 at (43,22,4)
       Min divergence: -0.60E+01 at (44,22,7)
       Max VN number :  0.51E+00 at (43,22,9)
 
       Time Step     7100   July 24, 2026  15:26:05
       Step Size:  0.205E-01 s, Total Time:  152.95583 s
       Pressure Iterations: 1
       Maximum Velocity Error:  0.20E-01 on Mesh 1 at (43,22,3)
       Maximum Pressure Error:  0.11E+03 on Mesh 1 at (43,22,11)
       Maximum CFL Number    :  0.88E+00 on Mesh 1 at (46,22,25)
       Maximum VN Number     :  0.70E+00 on Mesh 1 at (22,22,25)
       ---------------------------------------------------------------
       Max CFL number:  0.88E+00 at (46,22,25)
       Max divergence:  0.12E+02 at (43,22,4)
       Min divergence: -0.20E+01 at (43,22,9)
       Max VN number :  0.70E+00 at (22,22,25)
 
       Time Step     7200   July 24, 2026  15:26:30
       Step Size:  0.171E-01 s, Total Time:  154.94314 s
       Pressure Iterations: 1
       Maximum Velocity Error:  0.29E-01 on Mesh 1 at (43,22,3)
       Maximum Pressure Error:  0.14E+03 on Mesh 1 at (45,22,7)
       Maximum CFL Number    :  0.82E+00 on Mesh 1 at (44,22,8)
       Maximum VN Number     :  0.61E+00 on Mesh 1 at (53,21,25)
       ---------------------------------------------------------------
       Max CFL number:  0.82E+00 at (44,22,8)
       Max divergence:  0.14E+02 at (43,22,4)
       Min divergence: -0.38E+01 at (44,22,9)
       Max VN number :  0.61E+00 at (53,21,25)
 
       Time Step     7300   July 24, 2026  15:26:56
       Step Size:  0.200E-01 s, Total Time:  156.92591 s
       Pressure Iterations: 1
       Maximum Velocity Error:  0.13E-01 on Mesh 1 at (43,22,3)
       Maximum Pressure Error:  0.85E+02 on Mesh 1 at (44,22,11)
       Maximum CFL Number    :  0.87E+00 on Mesh 1 at (45,22,9)
       Maximum VN Number     :  0.48E+00 on Mesh 1 at (45,22,9)
       ---------------------------------------------------------------
       Max CFL number:  0.87E+00 at (45,22,9)
       Max divergence:  0.13E+02 at (41,22,4)
       Min divergence: -0.43E+01 at (42,22,6)
       Max VN number :  0.48E+00 at (45,22,9)
 
       Time Step     7400   July 24, 2026  15:27:20
       Step Size:  0.183E-01 s, Total Time:  158.85339 s
       Pressure Iterations: 1
       Maximum Velocity Error:  0.23E-01 on Mesh 1 at (40,22,3)
       Maximum Pressure Error:  0.14E+03 on Mesh 1 at (41,21,7)
       Maximum CFL Number    :  0.79E+00 on Mesh 1 at (58,26,25)
       Maximum VN Number     :  0.48E+00 on Mesh 1 at (2,22,25)
       ---------------------------------------------------------------
       Max CFL number:  0.79E+00 at (58,26,25)
       Max divergence:  0.10E+02 at (42,22,4)
       Min divergence: -0.38E+01 at (41,22,6)
       Max VN number :  0.48E+00 at (2,22,25)
 
       Time Step     7500   July 24, 2026  15:27:43
       Step Size:  0.211E-01 s, Total Time:  160.92253 s
       Pressure Iterations: 1
       Maximum Velocity Error:  0.74E-02 on Mesh 1 at (43,22,3)
       Maximum Pressure Error:  0.14E+03 on Mesh 1 at (40,22,6)
       Maximum CFL Number    :  0.90E+00 on Mesh 1 at (46,22,25)
       Maximum VN Number     :  0.47E+00 on Mesh 1 at (2,41,25)
       ---------------------------------------------------------------
       Max CFL number:  0.90E+00 at (46,22,25)
       Max divergence:  0.12E+02 at (43,22,4)
       Min divergence: -0.44E+01 at (41,22,7)
       Max VN number :  0.47E+00 at (2,41,25)
 
       Time Step     7600   July 24, 2026  15:28:07
       Step Size:  0.192E-01 s, Total Time:  162.88512 s
       Pressure Iterations: 1
       Maximum Velocity Error:  0.16E-01 on Mesh 1 at (40,22,3)
       Maximum Pressure Error:  0.13E+03 on Mesh 1 at (41,22,6)
       Maximum CFL Number    :  0.96E+00 on Mesh 1 at (43,23,11)
       Maximum VN Number     :  0.47E+00 on Mesh 1 at (20,29,25)
       ---------------------------------------------------------------
       Max CFL number:  0.96E+00 at (43,23,11)
       Max divergence:  0.12E+02 at (42,22,4)
       Min divergence: -0.33E+01 at (41,22,8)
       Max VN number :  0.47E+00 at (20,29,25)
 
       Time Step     7700   July 24, 2026  15:28:31
       Step Size:  0.180E-01 s, Total Time:  164.97272 s
       Pressure Iterations: 1
       Maximum Velocity Error:  0.32E-01 on Mesh 1 at (43,22,3)
       Maximum Pressure Error:  0.29E+03 on Mesh 1 at (44,22,5)
       Maximum CFL Number    :  0.89E+00 on Mesh 1 at (44,22,5)
       Maximum VN Number     :  0.53E+00 on Mesh 1 at (31,18,25)
       ---------------------------------------------------------------
       Max CFL number:  0.89E+00 at (44,22,5)
       Max divergence:  0.14E+02 at (43,22,4)
       Min divergence: -0.29E+01 at (44,22,6)
       Max VN number :  0.53E+00 at (31,18,25)
 
       Time Step     7800   July 24, 2026  15:28:55
       Step Size:  0.191E-01 s, Total Time:  166.97450 s
       Pressure Iterations: 1
       Maximum Velocity Error:  0.42E-02 on Mesh 1 at (43,22,3)
       Maximum Pressure Error:  0.11E+03 on Mesh 1 at (41,22,10)
       Maximum CFL Number    :  0.91E+00 on Mesh 1 at (46,23,16)
       Maximum VN Number     :  0.58E+00 on Mesh 1 at (56,23,25)
       ---------------------------------------------------------------
       Max CFL number:  0.91E+00 at (46,23,16)
       Max divergence:  0.14E+02 at (42,22,4)
       Min divergence: -0.23E+01 at (41,22,9)
       Max VN number :  0.58E+00 at (56,23,25)
 
       Time Step     7900   July 24, 2026  15:29:21
       Step Size:  0.171E-01 s, Total Time:  168.69221 s
       Pressure Iterations: 1
       Maximum Velocity Error:  0.48E-02 on Mesh 1 at (40,22,3)
       Maximum Pressure Error:  0.24E+02 on Mesh 1 at (48,22,19)
       Maximum CFL Number    :  0.84E+00 on Mesh 1 at (57,20,25)
       Maximum VN Number     :  0.61E+00 on Mesh 1 at (28,20,25)
       ---------------------------------------------------------------
       Max CFL number:  0.84E+00 at (57,20,25)
       Max divergence:  0.10E+02 at (43,22,4)
       Min divergence: -0.16E+01 at (42,22,7)
       Max VN number :  0.61E+00 at (28,20,25)
 
       Time Step     8000   July 24, 2026  15:29:47
       Step Size:  0.213E-01 s, Total Time:  170.79900 s
       Pressure Iterations: 1
       Maximum Velocity Error:  0.29E-01 on Mesh 1 at (43,22,3)
       Maximum Pressure Error:  0.19E+03 on Mesh 1 at (42,23,11)
       Maximum CFL Number    :  0.88E+00 on Mesh 1 at (42,23,9)
       Maximum VN Number     :  0.66E+00 on Mesh 1 at (52,23,25)
       ---------------------------------------------------------------
       Max CFL number:  0.88E+00 at (42,23,9)
       Max divergence:  0.14E+02 at (43,22,4)
       Min divergence: -0.28E+01 at (42,23,8)
       Max VN number :  0.66E+00 at (52,23,25)
 
       Time Step     8100   July 24, 2026  15:30:11
       Step Size:  0.221E-01 s, Total Time:  172.92832 s
       Pressure Iterations: 1
       Maximum Velocity Error:  0.15E-01 on Mesh 1 at (43,22,3)
       Maximum Pressure Error:  0.14E+03 on Mesh 1 at (40,22,8)
       Maximum CFL Number    :  0.88E+00 on Mesh 1 at (44,22,11)
       Maximum VN Number     :  0.74E+00 on Mesh 1 at (60,19,25)
       ---------------------------------------------------------------
       Max CFL number:  0.88E+00 at (44,22,11)
       Max divergence:  0.10E+02 at (43,22,4)
       Min divergence: -0.22E+01 at (40,22,8)
       Max VN number :  0.74E+00 at (60,19,25)
 
       Time Step     8200   July 24, 2026  15:30:35
       Step Size:  0.209E-01 s, Total Time:  175.19484 s
       Pressure Iterations: 1
       Maximum Velocity Error:  0.26E-01 on Mesh 1 at (40,22,3)
       Maximum Pressure Error:  0.21E+03 on Mesh 1 at (42,22,6)
       Maximum CFL Number    :  0.89E+00 on Mesh 1 at (42,23,11)
       Maximum VN Number     :  0.58E+00 on Mesh 1 at (27,21,25)
       ---------------------------------------------------------------
       Max CFL number:  0.89E+00 at (42,23,11)
       Max divergence:  0.11E+02 at (41,22,4)
       Min divergence: -0.29E+01 at (42,22,6)
       Max VN number :  0.58E+00 at (27,21,25)
 
       Time Step     8300   July 24, 2026  15:30:59
       Step Size:  0.186E-01 s, Total Time:  176.99475 s
       Pressure Iterations: 1
       Maximum Velocity Error:  0.14E-01 on Mesh 1 at (40,22,3)
       Maximum Pressure Error:  0.83E+02 on Mesh 1 at (41,21,11)
       Maximum CFL Number    :  0.81E+00 on Mesh 1 at (11,23,25)
       Maximum VN Number     :  0.52E+00 on Mesh 1 at (10,24,25)
       ---------------------------------------------------------------
       Max CFL number:  0.81E+00 at (11,23,25)
       Max divergence:  0.14E+02 at (43,22,4)
       Min divergence: -0.28E+01 at (42,22,6)
       Max VN number :  0.52E+00 at (10,24,25)
 
       Time Step     8400   July 24, 2026  15:31:23
       Step Size:  0.205E-01 s, Total Time:  178.94695 s
       Pressure Iterations: 1
       Maximum Velocity Error:  0.20E-01 on Mesh 1 at (43,22,3)
       Maximum Pressure Error:  0.14E+03 on Mesh 1 at (43,22,7)
       Maximum CFL Number    :  0.83E+00 on Mesh 1 at (41,22,11)
       Maximum VN Number     :  0.67E+00 on Mesh 1 at (34,23,25)
       ---------------------------------------------------------------
       Max CFL number:  0.83E+00 at (41,22,11)
       Max divergence:  0.15E+02 at (41,22,4)
       Min divergence: -0.38E+01 at (43,22,7)
       Max VN number :  0.67E+00 at (34,23,25)
 
       Time Step     8500   July 24, 2026  15:31:47
       Step Size:  0.210E-01 s, Total Time:  181.03053 s
       Pressure Iterations: 1
       Maximum Velocity Error:  0.22E-02 on Mesh 1 at (43,22,3)
       Maximum Pressure Error:  0.54E+02 on Mesh 1 at (41,22,9)
       Maximum CFL Number    :  0.86E+00 on Mesh 1 at (40,23,23)
       Maximum VN Number     :  0.58E+00 on Mesh 1 at (4,29,25)
       ---------------------------------------------------------------
       Max CFL number:  0.86E+00 at (40,23,23)
       Max divergence:  0.11E+02 at (43,22,4)
       Min divergence: -0.17E+01 at (43,22,7)
       Max VN number :  0.58E+00 at (4,29,25)
 
       Time Step     8600   July 24, 2026  15:32:11
       Step Size:  0.145E-01 s, Total Time:  182.96153 s
       Pressure Iterations: 1
       Maximum Velocity Error:  0.11E-01 on Mesh 1 at (43,22,3)
       Maximum Pressure Error:  0.36E+03 on Mesh 1 at (42,22,6)
       Maximum CFL Number    :  0.80E+00 on Mesh 1 at (45,22,10)
       Maximum VN Number     :  0.45E+00 on Mesh 1 at (20,22,25)
       ---------------------------------------------------------------
       Max CFL number:  0.80E+00 at (45,22,10)
       Max divergence:  0.16E+02 at (43,22,4)
       Min divergence: -0.24E+01 at (42,22,6)
       Max VN number :  0.45E+00 at (20,22,25)
 
       Time Step     8700   July 24, 2026  15:32:34
       Step Size:  0.218E-01 s, Total Time:  184.62683 s
       Pressure Iterations: 1
       Maximum Velocity Error:  0.21E-01 on Mesh 1 at (43,22,3)
       Maximum Pressure Error:  0.60E+03 on Mesh 1 at (40,22,6)
       Maximum CFL Number    :  0.92E+00 on Mesh 1 at (41,22,8)
       Maximum VN Number     :  0.54E+00 on Mesh 1 at (40,22,6)
       ---------------------------------------------------------------
       Max CFL number:  0.92E+00 at (41,22,8)
       Max divergence:  0.15E+02 at (43,22,4)
       Min divergence: -0.43E+01 at (40,22,7)
       Max VN number :  0.54E+00 at (40,22,6)
 
       Time Step     8800   July 24, 2026  15:32:59
       Step Size:  0.177E-01 s, Total Time:  186.51680 s
       Pressure Iterations: 9
       Maximum Velocity Error:  0.37E-01 on Mesh 1 at (43,22,3)
       Maximum Pressure Error:  0.80E+03 on Mesh 1 at (40,22,5)
       Maximum CFL Number    :  0.86E+00 on Mesh 1 at (42,21,13)
       Maximum VN Number     :  0.47E+00 on Mesh 1 at (55,26,25)
       ---------------------------------------------------------------
       Max CFL number:  0.86E+00 at (42,21,13)
       Max divergence:  0.76E+01 at (40,22,4)
       Min divergence: -0.60E+01 at (41,22,7)
       Max VN number :  0.47E+00 at (55,26,25)
 
       Time Step     8900   July 24, 2026  15:33:22
       Step Size:  0.229E-01 s, Total Time:  188.39376 s
       Pressure Iterations: 1
       Maximum Velocity Error:  0.85E-02 on Mesh 1 at (43,22,3)
       Maximum Pressure Error:  0.12E+03 on Mesh 1 at (41,22,8)
       Maximum CFL Number    :  0.88E+00 on Mesh 1 at (79,29,25)
       Maximum VN Number     :  0.74E+00 on Mesh 1 at (81,28,25)
       ---------------------------------------------------------------
       Max CFL number:  0.88E+00 at (79,29,25)
       Max divergence:  0.75E+01 at (40,22,4)
       Min divergence: -0.42E+01 at (41,22,7)
       Max VN number :  0.74E+00 at (81,28,25)
 
       Time Step     9000   July 24, 2026  15:33:46
       Step Size:  0.258E-01 s, Total Time:  190.53851 s
       Pressure Iterations: 1
       Maximum Velocity Error:  0.11E-01 on Mesh 1 at (42,22,3)
       Maximum Pressure Error:  0.24E+03 on Mesh 1 at (42,23,7)
       Maximum CFL Number    :  0.97E+00 on Mesh 1 at (42,23,7)
       Maximum VN Number     :  0.80E+00 on Mesh 1 at (76,18,25)
       ---------------------------------------------------------------
       Max CFL number:  0.97E+00 at (42,23,7)
       Max divergence:  0.11E+02 at (43,22,4)
       Min divergence: -0.36E+01 at (42,23,7)
       Max VN number :  0.80E+00 at (76,18,25)
 
       Time Step     9100   July 24, 2026  15:34:10
       Step Size:  0.211E-01 s, Total Time:  192.62515 s
       Pressure Iterations: 1
       Maximum Velocity Error:  0.21E-02 on Mesh 1 at (42,21,3)
       Maximum Pressure Error:  0.14E+03 on Mesh 1 at (43,21,7)
       Maximum CFL Number    :  0.89E+00 on Mesh 1 at (46,23,23)
       Maximum VN Number     :  0.60E+00 on Mesh 1 at (71,26,25)
       ---------------------------------------------------------------
       Max CFL number:  0.89E+00 at (46,23,23)
       Max divergence:  0.15E+02 at (43,22,4)
       Min divergence: -0.26E+01 at (43,21,6)
       Max VN number :  0.60E+00 at (71,26,25)
 
       Time Step     9200   July 24, 2026  15:34:34
       Step Size:  0.213E-01 s, Total Time:  194.68196 s
       Pressure Iterations: 2
       Maximum Velocity Error:  0.34E-01 on Mesh 1 at (40,22,3)
       Maximum Pressure Error:  0.81E+03 on Mesh 1 at (44,22,5)
       Maximum CFL Number    :  0.95E+00 on Mesh 1 at (41,22,4)
       Maximum VN Number     :  0.50E+00 on Mesh 1 at (26,22,25)
       ---------------------------------------------------------------
       Max CFL number:  0.95E+00 at (41,22,4)
       Max divergence:  0.19E+02 at (41,22,4)
       Min divergence: -0.44E+01 at (43,22,6)
       Max VN number :  0.50E+00 at (26,22,25)
 
       Time Step     9300   July 24, 2026  15:35:01
       Step Size:  0.211E-01 s, Total Time:  196.62298 s
       Pressure Iterations: 1
       Maximum Velocity Error:  0.25E-01 on Mesh 1 at (43,22,3)
       Maximum Pressure Error:  0.98E+02 on Mesh 1 at (42,22,4)
       Maximum CFL Number    :  0.82E+00 on Mesh 1 at (45,22,8)
       Maximum VN Number     :  0.57E+00 on Mesh 1 at (72,20,25)
       ---------------------------------------------------------------
       Max CFL number:  0.82E+00 at (45,22,8)
       Max divergence:  0.12E+02 at (42,22,4)
       Min divergence: -0.25E+01 at (42,22,5)
       Max VN number :  0.57E+00 at (72,20,25)
 
       Time Step     9400   July 24, 2026  15:35:25
       Step Size:  0.201E-01 s, Total Time:  198.71777 s
       Pressure Iterations: 1
       Maximum Velocity Error:  0.95E-02 on Mesh 1 at (41,22,2)
       Maximum Pressure Error:  0.59E+03 on Mesh 1 at (41,22,6)
       Maximum CFL Number    :  0.88E+00 on Mesh 1 at (45,22,10)
       Maximum VN Number     :  0.54E+00 on Mesh 1 at (21,23,25)
       ---------------------------------------------------------------
       Max CFL number:  0.88E+00 at (45,22,10)
       Max divergence:  0.14E+02 at (40,22,4)
       Min divergence: -0.37E+01 at (41,22,6)
       Max VN number :  0.54E+00 at (21,23,25)
 
       Time Step     9500   July 24, 2026  15:35:49
       Step Size:  0.206E-01 s, Total Time:  200.78330 s
       Pressure Iterations: 8
       Maximum Velocity Error:  0.38E-01 on Mesh 1 at (43,22,3)
       Maximum Pressure Error:  0.34E+03 on Mesh 1 at (43,22,3)
       Maximum CFL Number    :  0.98E+00 on Mesh 1 at (46,22,9)
       Maximum VN Number     :  0.52E+00 on Mesh 1 at (83,35,25)
       ---------------------------------------------------------------
       Max CFL number:  0.98E+00 at (46,22,9)
       Max divergence:  0.10E+02 at (42,23,4)
       Min divergence: -0.21E+01 at (43,23,7)
       Max VN number :  0.52E+00 at (83,35,25)
 
       Time Step     9600   July 24, 2026  15:36:14
       Step Size:  0.194E-01 s, Total Time:  202.64595 s
       Pressure Iterations: 1
       Maximum Velocity Error:  0.28E-01 on Mesh 1 at (40,22,3)
       Maximum Pressure Error:  0.86E+02 on Mesh 1 at (42,22,10)
       Maximum CFL Number    :  0.85E+00 on Mesh 1 at (78,28,25)
       Maximum VN Number     :  0.76E+00 on Mesh 1 at (78,27,25)
       ---------------------------------------------------------------
       Max CFL number:  0.85E+00 at (78,28,25)
       Max divergence:  0.92E+01 at (42,22,4)
       Min divergence: -0.34E+01 at (43,22,6)
       Max VN number :  0.76E+00 at (78,27,25)
 
       Time Step     9700   July 24, 2026  15:36:38
       Step Size:  0.228E-01 s, Total Time:  204.77809 s
       Pressure Iterations: 1
       Maximum Velocity Error:  0.20E-02 on Mesh 1 at (43,22,2)
       Maximum Pressure Error:  0.39E+02 on Mesh 1 at (43,22,4)
       Maximum CFL Number    :  0.85E+00 on Mesh 1 at (57,22,25)
       Maximum VN Number     :  0.74E+00 on Mesh 1 at (63,23,25)
       ---------------------------------------------------------------
       Max CFL number:  0.85E+00 at (57,22,25)
       Max divergence:  0.13E+02 at (43,22,4)
       Min divergence: -0.33E+01 at (42,22,6)
       Max VN number :  0.74E+00 at (63,23,25)
 
       Time Step     9800   July 24, 2026  15:37:02
       Step Size:  0.213E-01 s, Total Time:  206.68776 s
       Pressure Iterations: 1
       Maximum Velocity Error:  0.21E-01 on Mesh 1 at (43,22,3)
       Maximum Pressure Error:  0.24E+03 on Mesh 1 at (41,22,4)
       Maximum CFL Number    :  0.10E+01 on Mesh 1 at (47,23,25)
       Maximum VN Number     :  0.59E+00 on Mesh 1 at (57,13,25)
       ---------------------------------------------------------------
       Max CFL number:  0.10E+01 at (47,23,25)
       Max divergence:  0.15E+02 at (42,22,4)
       Min divergence: -0.34E+01 at (41,22,7)
       Max VN number :  0.59E+00 at (57,13,25)
 
       Time Step     9900   July 24, 2026  15:37:26
       Step Size:  0.193E-01 s, Total Time:  208.58000 s
       Pressure Iterations: 1
       Maximum Velocity Error:  0.18E-01 on Mesh 1 at (40,22,3)
       Maximum Pressure Error:  0.15E+03 on Mesh 1 at (42,21,9)
       Maximum CFL Number    :  0.89E+00 on Mesh 1 at (46,22,15)
       Maximum VN Number     :  0.52E+00 on Mesh 1 at (35,24,25)
       ---------------------------------------------------------------
       Max CFL number:  0.89E+00 at (46,22,15)
       Max divergence:  0.14E+02 at (43,22,4)
       Min divergence: -0.17E+01 at (42,22,7)
       Max VN number :  0.52E+00 at (35,24,25)
 
       Time Step    10000   July 24, 2026  15:37:50
       Step Size:  0.166E-01 s, Total Time:  210.53491 s
       Pressure Iterations: 1
       Maximum Velocity Error:  0.41E-02 on Mesh 1 at (42,22,3)
       Maximum Pressure Error:  0.14E+03 on Mesh 1 at (41,22,8)
       Maximum CFL Number    :  0.74E+00 on Mesh 1 at (44,23,16)
       Maximum VN Number     :  0.56E+00 on Mesh 1 at (65,25,25)
       ---------------------------------------------------------------
       Max CFL number:  0.74E+00 at (44,23,16)
       Max divergence:  0.91E+01 at (43,22,4)
       Min divergence: -0.30E+01 at (41,22,7)
       Max VN number :  0.56E+00 at (65,25,25)
 
       Time Step    10100   July 24, 2026  15:38:14
       Step Size:  0.197E-01 s, Total Time:  212.31981 s
       Pressure Iterations: 1
       Maximum Velocity Error:  0.67E-02 on Mesh 1 at (40,22,3)
       Maximum Pressure Error:  0.15E+03 on Mesh 1 at (40,22,8)
       Maximum CFL Number    :  0.82E+00 on Mesh 1 at (30,20,25)
       Maximum VN Number     :  0.68E+00 on Mesh 1 at (29,20,25)
       ---------------------------------------------------------------
       Max CFL number:  0.82E+00 at (30,20,25)
       Max divergence:  0.12E+02 at (42,22,4)
       Min divergence: -0.42E+01 at (40,22,7)
       Max VN number :  0.68E+00 at (29,20,25)
 
       Time Step    10200   July 24, 2026  15:38:39
       Step Size:  0.182E-01 s, Total Time:  214.29357 s
       Pressure Iterations: 1
       Maximum Velocity Error:  0.37E-01 on Mesh 1 at (40,22,3)
       Maximum Pressure Error:  0.10E+03 on Mesh 1 at (44,22,9)
       Maximum CFL Number    :  0.85E+00 on Mesh 1 at (19,23,25)
       Maximum VN Number     :  0.53E+00 on Mesh 1 at (68,24,25)
       ---------------------------------------------------------------
       Max CFL number:  0.85E+00 at (19,23,25)
       Max divergence:  0.88E+01 at (41,22,4)
       Min divergence: -0.27E+01 at (44,22,8)
       Max VN number :  0.53E+00 at (68,24,25)
 
       Time Step    10300   July 24, 2026  15:39:02
       Step Size:  0.207E-01 s, Total Time:  216.33531 s
       Pressure Iterations: 1
       Maximum Velocity Error:  0.62E-02 on Mesh 1 at (43,22,2)
       Maximum Pressure Error:  0.17E+03 on Mesh 1 at (43,22,4)
       Maximum CFL Number    :  0.88E+00 on Mesh 1 at (48,21,25)
       Maximum VN Number     :  0.77E+00 on Mesh 1 at (41,20,25)
       ---------------------------------------------------------------
       Max CFL number:  0.88E+00 at (48,21,25)
       Max divergence:  0.11E+02 at (43,22,4)
       Min divergence: -0.20E+01 at (43,22,7)
       Max VN number :  0.77E+00 at (41,20,25)
 
       Time Step    10400   July 24, 2026  15:39:26
       Step Size:  0.244E-01 s, Total Time:  218.59617 s
       Pressure Iterations: 1
       Maximum Velocity Error:  0.14E-01 on Mesh 1 at (42,22,2)
       Maximum Pressure Error:  0.23E+03 on Mesh 1 at (41,22,4)
       Maximum CFL Number    :  0.94E+00 on Mesh 1 at (42,22,4)
       Maximum VN Number     :  0.86E+00 on Mesh 1 at (35,22,25)
       ---------------------------------------------------------------
       Max CFL number:  0.94E+00 at (42,22,4)
       Max divergence:  0.12E+02 at (42,22,4)
       Min divergence: -0.21E+01 at (41,22,9)
       Max VN number :  0.86E+00 at (35,22,25)
 
       Time Step    10500   July 24, 2026  15:39:50
       Step Size:  0.205E-01 s, Total Time:  220.59534 s
       Pressure Iterations: 1
       Maximum Velocity Error:  0.11E-01 on Mesh 1 at (43,22,3)
       Maximum Pressure Error:  0.23E+03 on Mesh 1 at (43,22,4)
       Maximum CFL Number    :  0.87E+00 on Mesh 1 at (36,22,25)
       Maximum VN Number     :  0.53E+00 on Mesh 1 at (57,22,25)
       ---------------------------------------------------------------
       Max CFL number:  0.87E+00 at (36,22,25)
       Max divergence:  0.12E+02 at (42,22,4)
       Min divergence: -0.32E+01 at (42,22,6)
       Max VN number :  0.53E+00 at (57,22,25)
 
       Time Step    10600   July 24, 2026  15:40:13
       Step Size:  0.174E-01 s, Total Time:  222.50364 s
       Pressure Iterations: 1
       Maximum Velocity Error:  0.24E-01 on Mesh 1 at (43,22,3)
       Maximum Pressure Error:  0.29E+03 on Mesh 1 at (39,22,10)
       Maximum CFL Number    :  0.87E+00 on Mesh 1 at (39,22,8)
       Maximum VN Number     :  0.49E+00 on Mesh 1 at (39,22,8)
       ---------------------------------------------------------------
       Max CFL number:  0.87E+00 at (39,22,8)
       Max divergence:  0.13E+02 at (43,22,4)
       Min divergence: -0.55E+01 at (39,22,9)
       Max VN number :  0.49E+00 at (39,22,8)
 
       Time Step    10700   July 24, 2026  15:40:37
       Step Size:  0.222E-01 s, Total Time:  224.43058 s
       Pressure Iterations: 1
       Maximum Velocity Error:  0.49E-02 on Mesh 1 at (43,22,3)
       Maximum Pressure Error:  0.19E+03 on Mesh 1 at (43,23,6)
       Maximum CFL Number    :  0.83E+00 on Mesh 1 at (38,22,19)
       Maximum VN Number     :  0.57E+00 on Mesh 1 at (2,2,25)
       ---------------------------------------------------------------
       Max CFL number:  0.83E+00 at (38,22,19)
       Max divergence:  0.15E+02 at (42,22,4)
       Min divergence: -0.31E+01 at (44,22,7)
       Max VN number :  0.57E+00 at (2,2,25)
 
       Time Step    10800   July 24, 2026  15:41:01
       Step Size:  0.187E-01 s, Total Time:  226.40705 s
       Pressure Iterations: 1
       Maximum Velocity Error:  0.51E-02 on Mesh 1 at (40,22,3)
       Maximum Pressure Error:  0.86E+02 on Mesh 1 at (45,22,17)
       Maximum CFL Number    :  0.78E+00 on Mesh 1 at (45,22,13)
       Maximum VN Number     :  0.59E+00 on Mesh 1 at (8,24,25)
       ---------------------------------------------------------------
       Max CFL number:  0.78E+00 at (45,22,13)
       Max divergence:  0.12E+02 at (41,22,4)
       Min divergence: -0.23E+01 at (41,22,8)
       Max VN number :  0.59E+00 at (8,24,25)
 
       Time Step    10900   July 24, 2026  15:41:25
       Step Size:  0.205E-01 s, Total Time:  228.33370 s
       Pressure Iterations: 2
       Maximum Velocity Error:  0.39E-01 on Mesh 1 at (40,22,3)
       Maximum Pressure Error:  0.23E+03 on Mesh 1 at (42,22,5)
       Maximum CFL Number    :  0.84E+00 on Mesh 1 at (49,21,23)
       Maximum VN Number     :  0.60E+00 on Mesh 1 at (83,3,25)
       ---------------------------------------------------------------
       Max CFL number:  0.84E+00 at (49,21,23)
       Max divergence:  0.12E+02 at (43,22,4)
       Min divergence: -0.38E+01 at (40,23,10)
       Max VN number :  0.60E+00 at (83,3,25)
 
       Time Step    11000   July 24, 2026  15:41:48
       Step Size:  0.203E-01 s, Total Time:  230.15448 s
       Pressure Iterations: 1
       Maximum Velocity Error:  0.11E-01 on Mesh 1 at (43,22,3)
       Maximum Pressure Error:  0.19E+03 on Mesh 1 at (43,22,9)
       Maximum CFL Number    :  0.88E+00 on Mesh 1 at (59,25,25)
       Maximum VN Number     :  0.71E+00 on Mesh 1 at (58,25,25)
       ---------------------------------------------------------------
       Max CFL number:  0.88E+00 at (59,25,25)
       Max divergence:  0.92E+01 at (42,22,4)
       Min divergence: -0.21E+01 at (43,22,8)
       Max VN number :  0.71E+00 at (58,25,25)
 
       Time Step    11100   July 24, 2026  15:42:12
       Step Size:  0.233E-01 s, Total Time:  232.41489 s
       Pressure Iterations: 6
       Maximum Velocity Error:  0.38E-01 on Mesh 1 at (43,22,3)
       Maximum Pressure Error:  0.71E+03 on Mesh 1 at (43,21,8)
       Maximum CFL Number    :  0.98E+00 on Mesh 1 at (43,21,7)
       Maximum VN Number     :  0.72E+00 on Mesh 1 at (35,20,25)
       ---------------------------------------------------------------
       Max CFL number:  0.98E+00 at (43,21,7)
       Max divergence:  0.13E+02 at (43,22,5)
       Min divergence: -0.87E+01 at (43,21,7)
       Max VN number :  0.72E+00 at (35,20,25)
 
       Time Step    11200   July 24, 2026  15:42:35
       Step Size:  0.211E-01 s, Total Time:  234.14871 s
       Pressure Iterations: 1
       Maximum Velocity Error:  0.26E-01 on Mesh 1 at (43,22,3)
       Maximum Pressure Error:  0.18E+03 on Mesh 1 at (44,22,7)
       Maximum CFL Number    :  0.84E+00 on Mesh 1 at (48,23,25)
       Maximum VN Number     :  0.53E+00 on Mesh 1 at (84,11,25)
       ---------------------------------------------------------------
       Max CFL number:  0.84E+00 at (48,23,25)
       Max divergence:  0.91E+01 at (41,22,4)
       Min divergence: -0.21E+01 at (44,22,7)
       Max VN number :  0.53E+00 at (84,11,25)
 
       Time Step    11300   July 24, 2026  15:42:59
       Step Size:  0.205E-01 s, Total Time:  236.24189 s
       Pressure Iterations: 3
       Maximum Velocity Error:  0.36E-01 on Mesh 1 at (40,22,3)
       Maximum Pressure Error:  0.31E+03 on Mesh 1 at (42,22,8)
       Maximum CFL Number    :  0.90E+00 on Mesh 1 at (43,22,6)
       Maximum VN Number     :  0.49E+00 on Mesh 1 at (5,1,20)
       ---------------------------------------------------------------
       Max CFL number:  0.90E+00 at (43,22,6)
       Max divergence:  0.13E+02 at (44,22,4)
       Min divergence: -0.57E+01 at (43,22,6)
       Max VN number :  0.49E+00 at (5,1,20)
 
       Time Step    11400   July 24, 2026  15:43:23
       Step Size:  0.203E-01 s, Total Time:  238.23849 s
       Pressure Iterations: 1
       Maximum Velocity Error:  0.27E-01 on Mesh 1 at (40,22,3)
       Maximum Pressure Error:  0.18E+03 on Mesh 1 at (43,21,9)
       Maximum CFL Number    :  0.90E+00 on Mesh 1 at (43,21,8)
       Maximum VN Number     :  0.65E+00 on Mesh 1 at (58,22,25)
       ---------------------------------------------------------------
       Max CFL number:  0.90E+00 at (43,21,8)
       Max divergence:  0.12E+02 at (43,22,4)
       Min divergence: -0.38E+01 at (41,22,6)
       Max VN number :  0.65E+00 at (58,22,25)
 
       Time Step    11500   July 24, 2026  15:43:46
       Step Size:  0.213E-01 s, Total Time:  240.26992 s
       Pressure Iterations: 1
       Maximum Velocity Error:  0.12E-02 on Mesh 1 at (42,22,3)
       Maximum Pressure Error:  0.78E+02 on Mesh 1 at (42,23,8)
       Maximum CFL Number    :  0.81E+00 on Mesh 1 at (34,19,25)
       Maximum VN Number     :  0.61E+00 on Mesh 1 at (61,25,25)
       ---------------------------------------------------------------
       Max CFL number:  0.81E+00 at (34,19,25)
       Max divergence:  0.92E+01 at (43,22,4)
       Min divergence: -0.24E+01 at (42,23,8)
       Max VN number :  0.61E+00 at (61,25,25)
 
       Time Step    11600   July 24, 2026  15:44:11
       Step Size:  0.208E-01 s, Total Time:  242.29035 s
       Pressure Iterations: 1
       Maximum Velocity Error:  0.12E-01 on Mesh 1 at (40,22,3)
       Maximum Pressure Error:  0.50E+02 on Mesh 1 at (44,22,16)
       Maximum CFL Number    :  0.85E+00 on Mesh 1 at (39,21,20)
       Maximum VN Number     :  0.52E+00 on Mesh 1 at (84,43,25)
       ---------------------------------------------------------------
       Max CFL number:  0.85E+00 at (39,21,20)
       Max divergence:  0.13E+02 at (41,22,4)
       Min divergence: -0.21E+01 at (42,22,6)
       Max VN number :  0.52E+00 at (84,43,25)
 
       Time Step    11700   July 24, 2026  15:44:34
       Step Size:  0.161E-01 s, Total Time:  244.18416 s
       Pressure Iterations: 1
       Maximum Velocity Error:  0.17E-01 on Mesh 1 at (40,22,3)
       Maximum Pressure Error:  0.15E+03 on Mesh 1 at (40,23,10)
       Maximum CFL Number    :  0.77E+00 on Mesh 1 at (40,23,8)
       Maximum VN Number     :  0.55E+00 on Mesh 1 at (41,22,25)
       ---------------------------------------------------------------
       Max CFL number:  0.77E+00 at (40,23,8)
       Max divergence:  0.12E+02 at (43,22,4)
       Min divergence: -0.34E+01 at (41,22,7)
       Max VN number :  0.55E+00 at (41,22,25)
 
       Time Step    11800   July 24, 2026  15:44:58
       Step Size:  0.228E-01 s, Total Time:  246.00958 s
       Pressure Iterations: 1
       Maximum Velocity Error:  0.22E-01 on Mesh 1 at (40,22,3)
       Maximum Pressure Error:  0.38E+02 on Mesh 1 at (43,21,8)
       Maximum CFL Number    :  0.89E+00 on Mesh 1 at (39,21,14)
       Maximum VN Number     :  0.76E+00 on Mesh 1 at (69,23,25)
       ---------------------------------------------------------------
       Max CFL number:  0.89E+00 at (39,21,14)
       Max divergence:  0.12E+02 at (41,22,4)
       Min divergence: -0.16E+01 at (43,21,8)
       Max VN number :  0.76E+00 at (69,23,25)
 
       Time Step    11900   July 24, 2026  15:45:22
       Step Size:  0.195E-01 s, Total Time:  248.06930 s
       Pressure Iterations: 1
       Maximum Velocity Error:  0.90E-02 on Mesh 1 at (40,22,3)
       Maximum Pressure Error:  0.61E+02 on Mesh 1 at (43,22,5)
       Maximum CFL Number    :  0.88E+00 on Mesh 1 at (46,21,25)
       Maximum VN Number     :  0.61E+00 on Mesh 1 at (46,20,25)
       ---------------------------------------------------------------
       Max CFL number:  0.88E+00 at (46,21,25)
       Max divergence:  0.12E+02 at (42,22,4)
       Min divergence: -0.30E+01 at (43,22,6)
       Max VN number :  0.61E+00 at (46,20,25)
 
       Time Step    12000   July 24, 2026  15:45:45
       Step Size:  0.188E-01 s, Total Time:  250.02621 s
       Pressure Iterations: 1
       Maximum Velocity Error:  0.38E-02 on Mesh 1 at (43,22,3)
       Maximum Pressure Error:  0.22E+03 on Mesh 1 at (45,22,9)
       Maximum CFL Number    :  0.79E+00 on Mesh 1 at (44,22,9)
       Maximum VN Number     :  0.53E+00 on Mesh 1 at (60,23,25)
       ---------------------------------------------------------------
       Max CFL number:  0.79E+00 at (44,22,9)
       Max divergence:  0.13E+02 at (43,22,4)
       Min divergence: -0.37E+01 at (43,22,7)
       Max VN number :  0.53E+00 at (60,23,25)
 
       Time Step    12100   July 24, 2026  15:46:09
       Step Size:  0.192E-01 s, Total Time:  251.87081 s
       Pressure Iterations: 1
       Maximum Velocity Error:  0.72E-02 on Mesh 1 at (40,22,3)
       Maximum Pressure Error:  0.12E+03 on Mesh 1 at (41,22,9)
       Maximum CFL Number    :  0.91E+00 on Mesh 1 at (37,22,23)
       Maximum VN Number     :  0.55E+00 on Mesh 1 at (20,24,25)
       ---------------------------------------------------------------
       Max CFL number:  0.91E+00 at (37,22,23)
       Max divergence:  0.79E+01 at (41,21,4)
       Min divergence: -0.18E+01 at (41,22,8)
       Max VN number :  0.55E+00 at (20,24,25)
 
       Time Step    12200   July 24, 2026  15:46:33
       Step Size:  0.217E-01 s, Total Time:  253.98221 s
       Pressure Iterations: 1
       Maximum Velocity Error:  0.54E-02 on Mesh 1 at (43,22,2)
       Maximum Pressure Error:  0.15E+03 on Mesh 1 at (43,22,4)
       Maximum CFL Number    :  0.88E+00 on Mesh 1 at (46,24,25)
       Maximum VN Number     :  0.47E+00 on Mesh 1 at (83,21,25)
       ---------------------------------------------------------------
       Max CFL number:  0.88E+00 at (46,24,25)
       Max divergence:  0.11E+02 at (43,22,4)
       Min divergence: -0.19E+01 at (43,22,6)
       Max VN number :  0.47E+00 at (83,21,25)
 
       Time Step    12300   July 24, 2026  15:46:56
       Step Size:  0.189E-01 s, Total Time:  255.98514 s
       Pressure Iterations: 1
       Maximum Velocity Error:  0.21E-02 on Mesh 1 at (43,22,3)
       Maximum Pressure Error:  0.14E+03 on Mesh 1 at (42,23,9)
       Maximum CFL Number    :  0.89E+00 on Mesh 1 at (43,23,25)
       Maximum VN Number     :  0.54E+00 on Mesh 1 at (36,23,25)
       ---------------------------------------------------------------
       Max CFL number:  0.89E+00 at (43,23,25)
       Max divergence:  0.12E+02 at (41,22,4)
       Min divergence: -0.40E+01 at (42,23,7)
       Max VN number :  0.54E+00 at (36,23,25)
 
       Time Step    12400   July 24, 2026  15:47:20
       Step Size:  0.189E-01 s, Total Time:  257.79809 s
       Pressure Iterations: 1
       Maximum Velocity Error:  0.16E-01 on Mesh 1 at (40,22,3)
       Maximum Pressure Error:  0.20E+03 on Mesh 1 at (43,23,13)
       Maximum CFL Number    :  0.93E+00 on Mesh 1 at (43,23,13)
       Maximum VN Number     :  0.66E+00 on Mesh 1 at (15,18,25)
       ---------------------------------------------------------------
       Max CFL number:  0.93E+00 at (43,23,13)
       Max divergence:  0.13E+02 at (43,22,4)
       Min divergence: -0.27E+01 at (44,22,7)
       Max VN number :  0.66E+00 at (15,18,25)
 
       Time Step    12500   July 24, 2026  15:47:43
       Step Size:  0.179E-01 s, Total Time:  259.67897 s
       Pressure Iterations: 1
       Maximum Velocity Error:  0.81E-02 on Mesh 1 at (43,22,3)
       Maximum Pressure Error:  0.47E+02 on Mesh 1 at (43,22,6)
       Maximum CFL Number    :  0.88E+00 on Mesh 1 at (37,23,25)
       Maximum VN Number     :  0.67E+00 on Mesh 1 at (36,24,25)
       ---------------------------------------------------------------
       Max CFL number:  0.88E+00 at (37,23,25)
       Max divergence:  0.11E+02 at (41,22,4)
       Min divergence: -0.27E+01 at (43,22,6)
       Max VN number :  0.67E+00 at (36,24,25)
 
       Time Step    12600   July 24, 2026  15:48:07
       Step Size:  0.198E-01 s, Total Time:  261.73500 s
       Pressure Iterations: 1
       Maximum Velocity Error:  0.11E-01 on Mesh 1 at (40,22,3)
       Maximum Pressure Error:  0.98E+02 on Mesh 1 at (46,23,12)
       Maximum CFL Number    :  0.91E+00 on Mesh 1 at (57,24,25)
       Maximum VN Number     :  0.58E+00 on Mesh 1 at (4,42,25)
       ---------------------------------------------------------------
       Max CFL number:  0.91E+00 at (57,24,25)
       Max divergence:  0.86E+01 at (42,22,4)
       Min divergence: -0.19E+01 at (41,22,6)
       Max VN number :  0.58E+00 at (4,42,25)
 
       Time Step    12700   July 24, 2026  15:48:31
       Step Size:  0.188E-01 s, Total Time:  263.63509 s
       Pressure Iterations: 1
       Maximum Velocity Error:  0.22E-01 on Mesh 1 at (43,22,3)
       Maximum Pressure Error:  0.33E+03 on Mesh 1 at (41,22,7)
       Maximum CFL Number    :  0.90E+00 on Mesh 1 at (40,22,7)
       Maximum VN Number     :  0.52E+00 on Mesh 1 at (41,22,8)
       ---------------------------------------------------------------
       Max CFL number:  0.90E+00 at (40,22,7)
       Max divergence:  0.10E+02 at (43,22,4)
       Min divergence: -0.43E+01 at (41,22,7)
       Max VN number :  0.52E+00 at (41,22,8)
 
       Time Step    12800   July 24, 2026  15:48:55
       Step Size:  0.220E-01 s, Total Time:  265.55013 s
       Pressure Iterations: 1
       Maximum Velocity Error:  0.29E-01 on Mesh 1 at (43,22,3)
       Maximum Pressure Error:  0.93E+02 on Mesh 1 at (44,22,12)
       Maximum CFL Number    :  0.84E+00 on Mesh 1 at (58,23,25)
       Maximum VN Number     :  0.67E+00 on Mesh 1 at (58,22,25)
       ---------------------------------------------------------------
       Max CFL number:  0.84E+00 at (58,23,25)
       Max divergence:  0.11E+02 at (42,22,4)
       Min divergence: -0.23E+01 at (41,22,7)
       Max VN number :  0.67E+00 at (58,22,25)
 
       Time Step    12900   July 24, 2026  15:49:19
       Step Size:  0.230E-01 s, Total Time:  267.63011 s
       Pressure Iterations: 10
       Maximum Velocity Error:  0.69E-01 on Mesh 1 at (40,22,3)
       Maximum Pressure Error:  0.16E+04 on Mesh 1 at (41,22,4)
       Maximum CFL Number    :  0.97E+00 on Mesh 1 at (42,22,4)
       Maximum VN Number     :  0.57E+00 on Mesh 1 at (56,24,25)
       ---------------------------------------------------------------
       Max CFL number:  0.97E+00 at (42,22,4)
       Max divergence:  0.19E+02 at (44,22,4)
       Min divergence: -0.42E+01 at (42,22,6)
       Max VN number :  0.57E+00 at (56,24,25)
 
       Time Step    13000   July 24, 2026  15:49:48
       Step Size:  0.218E-01 s, Total Time:  269.40041 s
       Pressure Iterations: 1
       Maximum Velocity Error:  0.59E-02 on Mesh 1 at (43,22,3)
       Maximum Pressure Error:  0.19E+03 on Mesh 1 at (42,22,6)
       Maximum CFL Number    :  0.90E+00 on Mesh 1 at (41,22,7)
       Maximum VN Number     :  0.56E+00 on Mesh 1 at (46,22,25)
       ---------------------------------------------------------------
       Max CFL number:  0.90E+00 at (41,22,7)
       Max divergence:  0.13E+02 at (42,22,4)
       Min divergence: -0.50E+01 at (42,22,6)
       Max VN number :  0.56E+00 at (46,22,25)
 
       Time Step    13100   July 24, 2026  15:50:17
       Step Size:  0.189E-01 s, Total Time:  271.46637 s
       Pressure Iterations: 1
       Maximum Velocity Error:  0.39E-02 on Mesh 1 at (43,22,2)
       Maximum Pressure Error:  0.22E+03 on Mesh 1 at (42,22,10)
       Maximum CFL Number    :  0.87E+00 on Mesh 1 at (42,21,11)
       Maximum VN Number     :  0.57E+00 on Mesh 1 at (35,25,25)
       ---------------------------------------------------------------
       Max CFL number:  0.87E+00 at (42,21,11)
       Max divergence:  0.13E+02 at (42,22,4)
       Min divergence: -0.28E+01 at (42,22,9)
       Max VN number :  0.57E+00 at (35,25,25)
 
       Time Step    13200   July 24, 2026  15:50:46
       Step Size:  0.209E-01 s, Total Time:  273.27229 s
       Pressure Iterations: 1
       Maximum Velocity Error:  0.80E-02 on Mesh 1 at (43,22,3)
       Maximum Pressure Error:  0.11E+03 on Mesh 1 at (46,22,8)
       Maximum CFL Number    :  0.86E+00 on Mesh 1 at (28,22,25)
       Maximum VN Number     :  0.56E+00 on Mesh 1 at (29,21,25)
       ---------------------------------------------------------------
       Max CFL number:  0.86E+00 at (28,22,25)
       Max divergence:  0.15E+02 at (43,22,4)
       Min divergence: -0.18E+01 at (41,22,6)
       Max VN number :  0.56E+00 at (29,21,25)
 
       Time Step    13300   July 24, 2026  15:51:16
       Step Size:  0.164E-01 s, Total Time:  275.23055 s
       Pressure Iterations: 1
       Maximum Velocity Error:  0.17E-01 on Mesh 1 at (40,22,3)
       Maximum Pressure Error:  0.10E+03 on Mesh 1 at (46,22,13)
       Maximum CFL Number    :  0.86E+00 on Mesh 1 at (46,22,11)
       Maximum VN Number     :  0.47E+00 on Mesh 1 at (67,20,25)
       ---------------------------------------------------------------
       Max CFL number:  0.86E+00 at (46,22,11)
       Max divergence:  0.13E+02 at (42,22,4)
       Min divergence: -0.19E+01 at (46,22,8)
       Max VN number :  0.47E+00 at (67,20,25)
 
       Time Step    13400   July 24, 2026  15:51:46
       Step Size:  0.210E-01 s, Total Time:  277.20165 s
       Pressure Iterations: 1
       Maximum Velocity Error:  0.33E-01 on Mesh 1 at (40,22,3)
       Maximum Pressure Error:  0.18E+03 on Mesh 1 at (41,22,4)
       Maximum CFL Number    :  0.78E+00 on Mesh 1 at (39,22,8)
       Maximum VN Number     :  0.49E+00 on Mesh 1 at (78,44,17)
       ---------------------------------------------------------------
       Max CFL number:  0.78E+00 at (39,22,8)
       Max divergence:  0.73E+01 at (41,22,4)
       Min divergence: -0.21E+01 at (38,22,8)
       Max VN number :  0.49E+00 at (78,44,17)
 
       Time Step    13500   July 24, 2026  15:52:15
       Step Size:  0.205E-01 s, Total Time:  279.35434 s
       Pressure Iterations: 1
       Maximum Velocity Error:  0.56E-02 on Mesh 1 at (43,22,2)
       Maximum Pressure Error:  0.36E+03 on Mesh 1 at (43,22,4)
       Maximum CFL Number    :  0.91E+00 on Mesh 1 at (38,22,7)
       Maximum VN Number     :  0.50E+00 on Mesh 1 at (84,1,21)
       ---------------------------------------------------------------
       Max CFL number:  0.91E+00 at (38,22,7)
       Max divergence:  0.14E+02 at (41,22,4)
       Min divergence: -0.25E+01 at (38,22,8)
       Max VN number :  0.50E+00 at (84,1,21)
 
       Time Step    13600   July 24, 2026  15:52:45
       Step Size:  0.229E-01 s, Total Time:  281.40945 s
       Pressure Iterations: 1
       Maximum Velocity Error:  0.12E-01 on Mesh 1 at (43,22,3)
       Maximum Pressure Error:  0.13E+03 on Mesh 1 at (40,23,13)
       Maximum CFL Number    :  0.92E+00 on Mesh 1 at (40,23,11)
       Maximum VN Number     :  0.68E+00 on Mesh 1 at (83,7,25)
       ---------------------------------------------------------------
       Max CFL number:  0.92E+00 at (40,23,11)
       Max divergence:  0.99E+01 at (42,22,4)
       Min divergence: -0.17E+01 at (42,23,9)
       Max VN number :  0.68E+00 at (83,7,25)
 
       Time Step    13700   July 24, 2026  15:53:14
       Step Size:  0.158E-01 s, Total Time:  283.39257 s
       Pressure Iterations: 1
       Maximum Velocity Error:  0.71E-02 on Mesh 1 at (40,22,3)
       Maximum Pressure Error:  0.20E+03 on Mesh 1 at (46,23,13)
       Maximum CFL Number    :  0.85E+00 on Mesh 1 at (45,23,12)
       Maximum VN Number     :  0.51E+00 on Mesh 1 at (49,23,25)
       ---------------------------------------------------------------
       Max CFL number:  0.85E+00 at (45,23,12)
       Max divergence:  0.11E+02 at (42,22,4)
       Min divergence: -0.30E+01 at (43,22,6)
       Max VN number :  0.51E+00 at (49,23,25)
 
       Time Step    13800   July 24, 2026  15:53:45
       Step Size:  0.168E-01 s, Total Time:  285.15564 s
       Pressure Iterations: 1
       Maximum Velocity Error:  0.28E-01 on Mesh 1 at (43,22,2)
       Maximum Pressure Error:  0.51E+03 on Mesh 1 at (43,22,3)
       Maximum CFL Number    :  0.83E+00 on Mesh 1 at (41,22,8)
       Maximum VN Number     :  0.82E+00 on Mesh 1 at (42,29,25)
       ---------------------------------------------------------------
       Max CFL number:  0.83E+00 at (41,22,8)
       Max divergence:  0.83E+01 at (42,22,4)
       Min divergence: -0.40E+01 at (40,22,7)
       Max VN number :  0.82E+00 at (42,29,25)
 
       Time Step    13900   July 24, 2026  15:54:15
       Step Size:  0.131E-02 s, Total Time:  287.03638 s
       Pressure Iterations: 8
       Maximum Velocity Error:  0.37E-01 on Mesh 1 at (43,22,3)
       Maximum Pressure Error:  0.16E+04 on Mesh 1 at (43,22,3)
       Maximum CFL Number    :  0.84E-01 on Mesh 1 at (42,22,4)
       Maximum VN Number     :  0.34E-01 on Mesh 1 at (34,20,25)
       ---------------------------------------------------------------
       Max CFL number:  0.84E-01 at (42,22,4)
       Max divergence:  0.31E+02 at (42,22,4)
       Min divergence: -0.29E+01 at (42,22,6)
       Max VN number :  0.34E-01 at (34,20,25)
       No. of CLIP DT restrictions:  1
 
       Time Step    14000   July 24, 2026  15:54:44
       Step Size:  0.186E-01 s, Total Time:  288.84699 s
       Pressure Iterations: 1
       Maximum Velocity Error:  0.20E-01 on Mesh 1 at (40,22,3)
       Maximum Pressure Error:  0.23E+03 on Mesh 1 at (43,22,4)
       Maximum CFL Number    :  0.87E+00 on Mesh 1 at (43,22,7)
       Maximum VN Number     :  0.61E+00 on Mesh 1 at (8,30,25)
       ---------------------------------------------------------------
       Max CFL number:  0.87E+00 at (43,22,7)
       Max divergence:  0.95E+01 at (42,22,4)
       Min divergence: -0.24E+01 at (43,22,8)
       Max VN number :  0.61E+00 at (8,30,25)
 
       Time Step    14100   July 24, 2026  15:55:15
       Step Size:  0.251E-01 s, Total Time:  290.88678 s
       Pressure Iterations: 1
       Maximum Velocity Error:  0.16E-01 on Mesh 1 at (43,22,3)
       Maximum Pressure Error:  0.16E+03 on Mesh 1 at (41,22,4)
       Maximum CFL Number    :  0.93E+00 on Mesh 1 at (43,22,6)
       Maximum VN Number     :  0.56E+00 on Mesh 1 at (78,26,25)
       ---------------------------------------------------------------
       Max CFL number:  0.93E+00 at (43,22,6)
       Max divergence:  0.94E+01 at (41,22,4)
       Min divergence: -0.23E+01 at (43,22,7)
       Max VN number :  0.56E+00 at (78,26,25)
 
       Time Step    14200   July 24, 2026  15:55:43
       Step Size:  0.217E-01 s, Total Time:  293.02142 s
       Pressure Iterations: 1
       Maximum Velocity Error:  0.33E-01 on Mesh 1 at (43,22,3)
       Maximum Pressure Error:  0.97E+02 on Mesh 1 at (39,22,10)
       Maximum CFL Number    :  0.92E+00 on Mesh 1 at (39,22,8)
       Maximum VN Number     :  0.49E+00 on Mesh 1 at (54,22,25)
       ---------------------------------------------------------------
       Max CFL number:  0.92E+00 at (39,22,8)
       Max divergence:  0.12E+02 at (43,22,4)
       Min divergence: -0.23E+01 at (39,22,9)
       Max VN number :  0.49E+00 at (54,22,25)
 
       Time Step    14300   July 24, 2026  15:56:11
       Step Size:  0.195E-01 s, Total Time:  295.08762 s
       Pressure Iterations: 1
       Maximum Velocity Error:  0.72E-02 on Mesh 1 at (43,21,3)
       Maximum Pressure Error:  0.25E+03 on Mesh 1 at (43,22,4)
       Maximum CFL Number    :  0.92E+00 on Mesh 1 at (38,22,7)
       Maximum VN Number     :  0.43E+00 on Mesh 1 at (63,16,25)
       ---------------------------------------------------------------
       Max CFL number:  0.92E+00 at (38,22,7)
       Max divergence:  0.11E+02 at (41,22,4)
       Min divergence: -0.25E+01 at (41,22,6)
       Max VN number :  0.43E+00 at (63,16,25)
 
       Time Step    14400   July 24, 2026  15:56:40
       Step Size:  0.207E-01 s, Total Time:  297.12441 s
       Pressure Iterations: 1
       Maximum Velocity Error:  0.83E-02 on Mesh 1 at (43,22,3)
       Maximum Pressure Error:  0.15E+03 on Mesh 1 at (42,22,4)
       Maximum CFL Number    :  0.94E+00 on Mesh 1 at (39,22,9)
       Maximum VN Number     :  0.55E+00 on Mesh 1 at (48,15,25)
       ---------------------------------------------------------------
       Max CFL number:  0.94E+00 at (39,22,9)
       Max divergence:  0.89E+01 at (42,22,4)
       Min divergence: -0.31E+01 at (42,22,6)
       Max VN number :  0.55E+00 at (48,15,25)
 
       Time Step    14500   July 24, 2026  15:57:13
       Step Size:  0.233E-01 s, Total Time:  299.39414 s
       Pressure Iterations: 1
       Maximum Velocity Error:  0.44E-02 on Mesh 1 at (40,22,3)
       Maximum Pressure Error:  0.10E+03 on Mesh 1 at (45,22,9)
       Maximum CFL Number    :  0.86E+00 on Mesh 1 at (41,22,14)
       Maximum VN Number     :  0.50E+00 on Mesh 1 at (80,2,25)
       ---------------------------------------------------------------
       Max CFL number:  0.86E+00 at (41,22,14)
       Max divergence:  0.11E+02 at (41,22,4)
       Min divergence: -0.17E+01 at (41,22,7)
       Max VN number :  0.50E+00 at (80,2,25)
 
       Time Step    14600   July 24, 2026  15:57:44
       Step Size:  0.172E-01 s, Total Time:  301.31176 s
       Pressure Iterations: 1
       Maximum Velocity Error:  0.25E-01 on Mesh 1 at (43,22,3)
       Maximum Pressure Error:  0.12E+03 on Mesh 1 at (40,22,8)
       Maximum CFL Number    :  0.82E+00 on Mesh 1 at (35,22,25)
       Maximum VN Number     :  0.47E+00 on Mesh 1 at (84,28,25)
       ---------------------------------------------------------------
       Max CFL number:  0.82E+00 at (35,22,25)
       Max divergence:  0.11E+02 at (43,22,4)
       Min divergence: -0.35E+01 at (40,22,8)
       Max VN number :  0.47E+00 at (84,28,25)
 
       Time Step    14700   July 24, 2026  15:58:12
       Step Size:  0.185E-01 s, Total Time:  303.38616 s
       Pressure Iterations: 1
       Maximum Velocity Error:  0.67E-02 on Mesh 1 at (43,22,3)
       Maximum Pressure Error:  0.13E+03 on Mesh 1 at (42,21,8)
       Maximum CFL Number    :  0.90E+00 on Mesh 1 at (42,21,9)
       Maximum VN Number     :  0.62E+00 on Mesh 1 at (27,21,25)
       ---------------------------------------------------------------
       Max CFL number:  0.90E+00 at (42,21,9)
       Max divergence:  0.18E+02 at (41,22,4)
       Min divergence: -0.41E+01 at (42,22,7)
       Max VN number :  0.62E+00 at (27,21,25)
 
       Time Step    14800   July 24, 2026  15:58:40
       Step Size:  0.204E-01 s, Total Time:  305.38250 s
       Pressure Iterations: 1
       Maximum Velocity Error:  0.47E-02 on Mesh 1 at (40,22,3)
       Maximum Pressure Error:  0.17E+03 on Mesh 1 at (41,21,14)
       Maximum CFL Number    :  0.84E+00 on Mesh 1 at (22,22,25)
       Maximum VN Number     :  0.67E+00 on Mesh 1 at (23,21,25)
       ---------------------------------------------------------------
       Max CFL number:  0.84E+00 at (22,22,25)
       Max divergence:  0.91E+01 at (43,22,4)
       Min divergence: -0.17E+01 at (42,22,7)
       Max VN number :  0.67E+00 at (23,21,25)
 
       Time Step    14900   July 24, 2026  15:59:08
       Step Size:  0.203E-01 s, Total Time:  307.41607 s
       Pressure Iterations: 2
       Maximum Velocity Error:  0.35E-01 on Mesh 1 at (40,22,3)
       Maximum Pressure Error:  0.15E+03 on Mesh 1 at (44,22,7)
       Maximum CFL Number    :  0.88E+00 on Mesh 1 at (36,22,16)
       Maximum VN Number     :  0.53E+00 on Mesh 1 at (72,1,13)
       ---------------------------------------------------------------
       Max CFL number:  0.88E+00 at (36,22,16)
       Max divergence:  0.11E+02 at (41,22,4)
       Min divergence: -0.21E+01 at (44,22,7)
       Max VN number :  0.53E+00 at (72,1,13)
 
       Time Step    15000   July 24, 2026  15:59:37
       Step Size:  0.185E-01 s, Total Time:  309.39652 s
       Pressure Iterations: 1
       Maximum Velocity Error:  0.31E-01 on Mesh 1 at (43,22,3)
       Maximum Pressure Error:  0.24E+03 on Mesh 1 at (40,22,8)
       Maximum CFL Number    :  0.85E+00 on Mesh 1 at (34,23,25)
       Maximum VN Number     :  0.50E+00 on Mesh 1 at (18,21,25)
       ---------------------------------------------------------------
       Max CFL number:  0.85E+00 at (34,23,25)
       Max divergence:  0.11E+02 at (41,22,4)
       Min divergence: -0.37E+01 at (40,22,8)
       Max VN number :  0.50E+00 at (18,21,25)
 
       Time Step    15100   July 24, 2026  16:00:05
       Step Size:  0.207E-01 s, Total Time:  311.52757 s
       Pressure Iterations: 1
       Maximum Velocity Error:  0.19E-01 on Mesh 1 at (43,22,3)
       Maximum Pressure Error:  0.18E+03 on Mesh 1 at (38,22,10)
       Maximum CFL Number    :  0.86E+00 on Mesh 1 at (38,22,9)
       Maximum VN Number     :  0.59E+00 on Mesh 1 at (43,23,25)
       ---------------------------------------------------------------
       Max CFL number:  0.86E+00 at (38,22,9)
       Max divergence:  0.13E+02 at (43,22,4)
       Min divergence: -0.22E+01 at (38,22,9)
       Max VN number :  0.59E+00 at (43,23,25)
 
       Time Step    15200   July 24, 2026  16:00:33
       Step Size:  0.233E-01 s, Total Time:  313.68566 s
       Pressure Iterations: 1
       Maximum Velocity Error:  0.18E-01 on Mesh 1 at (43,22,3)
       Maximum Pressure Error:  0.11E+03 on Mesh 1 at (43,22,4)
       Maximum CFL Number    :  0.94E+00 on Mesh 1 at (47,23,13)
       Maximum VN Number     :  0.51E+00 on Mesh 1 at (79,22,25)
       ---------------------------------------------------------------
       Max CFL number:  0.94E+00 at (47,23,13)
       Max divergence:  0.12E+02 at (43,22,4)
       Min divergence: -0.11E+01 at (38,22,9)
       Max VN number :  0.51E+00 at (79,22,25)
 
       Time Step    15300   July 24, 2026  16:01:02
       Step Size:  0.214E-01 s, Total Time:  315.46569 s
       Pressure Iterations: 1
       Maximum Velocity Error:  0.33E-01 on Mesh 1 at (41,22,2)
       Maximum Pressure Error:  0.70E+03 on Mesh 1 at (40,22,4)
       Maximum CFL Number    :  0.95E+00 on Mesh 1 at (45,22,15)
       Maximum VN Number     :  0.48E+00 on Mesh 1 at (41,22,6)
       ---------------------------------------------------------------
       Max CFL number:  0.95E+00 at (45,22,15)
       Max divergence:  0.11E+02 at (40,22,4)
       Min divergence: -0.57E+01 at (41,22,6)
       Max VN number :  0.48E+00 at (41,22,6)
       No. of CLIP DT restrictions:  1
 
       Time Step    15400   July 24, 2026  16:01:30
       Step Size:  0.229E-01 s, Total Time:  317.76471 s
       Pressure Iterations: 1
       Maximum Velocity Error:  0.24E-01 on Mesh 1 at (43,22,3)
       Maximum Pressure Error:  0.45E+03 on Mesh 1 at (41,22,6)
       Maximum CFL Number    :  0.86E+00 on Mesh 1 at (45,22,8)
       Maximum VN Number     :  0.54E+00 on Mesh 1 at (42,22,6)
       ---------------------------------------------------------------
       Max CFL number:  0.86E+00 at (45,22,8)
       Max divergence:  0.92E+01 at (41,22,6)
       Min divergence: -0.45E+01 at (42,22,7)
       Max VN number :  0.54E+00 at (42,22,6)
 
       Time Step    15500   July 24, 2026  16:01:58
       Step Size:  0.219E-01 s, Total Time:  319.93760 s
       Pressure Iterations: 1
       Maximum Velocity Error:  0.36E-01 on Mesh 1 at (43,22,3)
       Maximum Pressure Error:  0.71E+03 on Mesh 1 at (41,22,6)
       Maximum CFL Number    :  0.99E+00 on Mesh 1 at (47,23,25)
       Maximum VN Number     :  0.82E+00 on Mesh 1 at (35,23,25)
       ---------------------------------------------------------------
       Max CFL number:  0.99E+00 at (47,23,25)
       Max divergence:  0.14E+02 at (41,22,4)
       Min divergence: -0.40E+01 at (41,22,7)
       Max VN number :  0.82E+00 at (35,23,25)
 
       Time Step    15600   July 24, 2026  16:02:26
       Step Size:  0.192E-01 s, Total Time:  322.13717 s
       Pressure Iterations: 1
       Maximum Velocity Error:  0.37E-01 on Mesh 1 at (43,22,3)
       Maximum Pressure Error:  0.16E+03 on Mesh 1 at (42,22,12)
       Maximum CFL Number    :  0.76E+00 on Mesh 1 at (41,22,11)
       Maximum VN Number     :  0.47E+00 on Mesh 1 at (41,22,11)
       ---------------------------------------------------------------
       Max CFL number:  0.76E+00 at (41,22,11)
       Max divergence:  0.26E+01 at (41,22,4)
       Min divergence: -0.21E+01 at (41,22,12)
       Max VN number :  0.47E+00 at (41,22,11)
 
       Time Step    15700   July 24, 2026  16:02:54
       Step Size:  0.175E-01 s, Total Time:  324.29949 s
       Pressure Iterations: 10
       Maximum Velocity Error:  0.42E-01 on Mesh 1 at (43,22,3)
       Maximum Pressure Error:  0.73E+03 on Mesh 1 at (42,22,4)
       Maximum CFL Number    :  0.79E+00 on Mesh 1 at (42,22,4)
       Maximum VN Number     :  0.40E+00 on Mesh 1 at (2,43,25)
       ---------------------------------------------------------------
       Max CFL number:  0.79E+00 at (42,22,4)
       Max divergence:  0.75E+01 at (40,22,4)
       Min divergence: -0.24E+01 at (42,22,6)
       Max VN number :  0.40E+00 at (2,43,25)
 
       Time Step    15800   July 24, 2026  16:03:23
       Step Size:  0.301E-01 s, Total Time:  326.90347 s
       Pressure Iterations: 10
       Maximum Velocity Error:  0.75E-01 on Mesh 1 at (40,22,3)
       Maximum Pressure Error:  0.42E+03 on Mesh 1 at (41,22,3)
       Maximum CFL Number    :  0.93E+00 on Mesh 1 at (43,23,25)
       Maximum VN Number     :  0.61E+00 on Mesh 1 at (29,25,25)
       ---------------------------------------------------------------
       Max CFL number:  0.93E+00 at (43,23,25)
       Max divergence:  0.23E+02 at (41,22,3)
       Min divergence: -0.91E+00 at (42,22,9)
       Max VN number :  0.61E+00 at (29,25,25)
 
       Time Step    15900   July 24, 2026  16:03:51
       Step Size:  0.288E-01 s, Total Time:  329.75449 s
       Pressure Iterations: 6
       Maximum Velocity Error:  0.38E-01 on Mesh 1 at (40,22,3)
       Maximum Pressure Error:  0.23E+03 on Mesh 1 at (43,22,4)
       Maximum CFL Number    :  0.80E+00 on Mesh 1 at (40,22,9)
       Maximum VN Number     :  0.58E+00 on Mesh 1 at (24,22,25)
       ---------------------------------------------------------------
       Max CFL number:  0.80E+00 at (40,22,9)
       Max divergence:  0.65E+01 at (43,22,4)
       Min divergence: -0.11E+01 at (42,22,5)
       Max VN number :  0.58E+00 at (24,22,25)
 
       Time Step    16000   July 24, 2026  16:04:20
       Step Size:  0.320E-01 s, Total Time:  332.51665 s
       Pressure Iterations: 10
       Maximum Velocity Error:  0.78E-01 on Mesh 1 at (43,22,3)
       Maximum Pressure Error:  0.44E+03 on Mesh 1 at (43,22,3)
       Maximum CFL Number    :  0.81E+00 on Mesh 1 at (39,22,13)
       Maximum VN Number     :  0.73E+00 on Mesh 1 at (30,23,25)
       ---------------------------------------------------------------
       Max CFL number:  0.81E+00 at (39,22,13)
       Max divergence:  0.20E+02 at (43,22,3)
       Min divergence: -0.75E+00 at (44,22,8)
       Max VN number :  0.73E+00 at (30,23,25)
 
       Time Step    16100   July 24, 2026  16:04:49
       Step Size:  0.585E-01 s, Total Time:  336.17445 s
       Pressure Iterations: 1
       Maximum Velocity Error:  0.65E-02 on Mesh 1 at (40,22,3)
       Maximum Pressure Error:  0.25E+01 on Mesh 1 at (1,1,17)
       Maximum CFL Number    :  0.81E+00 on Mesh 1 at (29,18,25)
       Maximum VN Number     :  0.87E+00 on Mesh 1 at (84,12,25)
       ---------------------------------------------------------------
       Max CFL number:  0.81E+00 at (29,18,25)
       Max divergence:  0.30E-01 at (44,22,6)
       Min divergence: -0.75E-01 at (42,22,8)
       Max VN number :  0.87E+00 at (84,12,25)
 
       Time Step    16200   July 24, 2026  16:05:17
       Step Size:  0.799E-01 s, Total Time:  343.40967 s
       Pressure Iterations: 1
       Maximum Velocity Error:  0.19E-01 on Mesh 1 at (40,22,3)
       Maximum Pressure Error:  0.17E+01 on Mesh 1 at (43,22,3)
       Maximum CFL Number    :  0.60E+00 on Mesh 1 at (1,1,17)
       Maximum VN Number     :  0.77E+00 on Mesh 1 at (2,1,16)
       ---------------------------------------------------------------
       Max CFL number:  0.60E+00 at (1,1,17)
       Max divergence:  0.39E-01 at (43,22,3)
       Min divergence: -0.39E-01 at (44,22,4)
       Max VN number :  0.77E+00 at (2,1,16)
 
       Time Step    16300   July 24, 2026  16:05:47
       Step Size:  0.778E-01 s, Total Time:  350.64130 s
       Pressure Iterations: 1
       Maximum Velocity Error:  0.21E-01 on Mesh 1 at (43,22,3)
       Maximum Pressure Error:  0.40E+01 on Mesh 1 at (41,22,3)
       Maximum CFL Number    :  0.60E+00 on Mesh 1 at (73,44,8)
       Maximum VN Number     :  0.92E+00 on Mesh 1 at (10,44,4)
       ---------------------------------------------------------------
       Max CFL number:  0.60E+00 at (73,44,8)
       Max divergence:  0.11E+00 at (42,22,3)
       Min divergence: -0.17E+00 at (41,22,3)
       Max VN number :  0.92E+00 at (10,44,4)
 
       Time Step    16400   July 24, 2026  16:06:17
       Step Size:  0.799E-01 s, Total Time:  358.55015 s
       Pressure Iterations: 1
       Maximum Velocity Error:  0.36E-02 on Mesh 1 at (40,22,3)
       Maximum Pressure Error:  0.62E+00 on Mesh 1 at (1,44,6)
       Maximum CFL Number    :  0.65E+00 on Mesh 1 at (64,1,9)
       Maximum VN Number     :  0.87E+00 on Mesh 1 at (82,1,2)
       ---------------------------------------------------------------
       Max CFL number:  0.65E+00 at (64,1,9)
       Max divergence:  0.34E-01 at (43,22,3)
       Min divergence: -0.13E-01 at (44,22,4)
       Max VN number :  0.87E+00 at (82,1,2)
 
       Time Step    16419   July 24, 2026  16:06:23
       Step Size:  0.541E-01 s, Total Time:  360.00000 s
       Pressure Iterations: 1
       Maximum Velocity Error:  0.15E-01 on Mesh 1 at (40,22,3)
       Maximum Pressure Error:  0.30E+01 on Mesh 1 at (43,22,3)
       Maximum CFL Number    :  0.49E+00 on Mesh 1 at (32,44,17)
       Maximum VN Number     :  0.62E+00 on Mesh 1 at (80,44,4)
       ---------------------------------------------------------------
       Max CFL number:  0.49E+00 at (32,44,17)
       Max divergence:  0.85E-01 at (42,22,3)
       Min divergence: -0.12E+00 at (43,22,3)
       Max VN number :  0.62E+00 at (80,44,4)
 


 Time Stepping Wall Clock Time (s):     4532.809
 Total Elapsed Wall Clock Time (s):     4538.176

STOP: FDS completed successfully (CHID: hep_160_150_1_1)
